,Date,Bitcoin_Cash_HIGH,Bitcoin_Cash_LOW,Bitcoin_Cash_CLOSE,Bitcoin_Cash_Volume,Bitcoin_Cash_MarketCap,Bitcoin_Cash_MAvg_Open,Bitcoin_Cash_MAvg_Close,Bitcoin_Cash_Direction,Bitcoin_OPEN,Bitcoin_HIGH,Bitcoin_LOW,Bitcoin_CLOSE,Bitcoin_Volume,Bitcoin_MarketCap,Bitcoin_MAvg_Open,Bitcoin_MAvg_Close,Bitcoin_Direction,Bitconnect_OPEN,Bitconnect_Cash_HIGH,Bitconnect_Cash_LOW,Bitconnect_CLOSE,Bitconnect_Cash_Volume,Bitconnect_Cash_MarketCap,Bitconnect_Cash_MAvg_Open,Bitconnect_Cash_MAvg_Close,Bitconnect_Cash_Direction
0,2017-07-23,578.97,411.78,413.06,85013.0,0.0,0.0,0.0,Decreasing,2808.1,2832.18,2653.94,2730.4,1072840000,46231100000.0,2771.7,2736.1,Decreasing,67.36,67.85,58.75,60.14,2132900.0,410971000.0,68.3,64.9,Decreasing
1,2017-07-24,578.89,409.21,440.7,190952.0,0.0,0.0,0.0,Increasing,2732.7,2777.26,2699.19,2754.86,866474000,44995600000.0,2736.5,2765.1,Increasing,61.33,68.22,58.44,67.02,3991940.0,374541000.0,65.3,64.8,Increasing
2,2017-07-25,541.66,338.09,406.9,524908.0,0.0,469.9,420.2,Decreasing,2757.5,2768.08,2480.96,2576.48,1460090000,45410100000.0,2766.1,2687.2,Decreasing,67.01,67.01,60.14,63.65,3566120.0,413094000.0,65.2,63.6,Decreasing
3,2017-07-26,486.16,321.79,365.82,1784640.0,0.0,420.3,404.5,Decreasing,2577.77,2610.76,2450.8,2529.45,937404000,42455000000.0,2689.3,2620.3,Decreasing,63.57,64.46,60.63,62.68,3436370.0,398636000.0,64.0,64.4,Decreasing
4,2017-07-27,460.97,367.78,385.48,533207.0,0.0,421.8,386.1,Decreasing,2538.71,2693.32,2529.34,2671.78,789104000,41816500000.0,2624.7,2592.6,Increasing,63.01,66.09,62.21,65.09,3508340.0,395556000.0,64.5,63.8,Increasing
5,2017-07-28,465.18,217.06,406.05,1230160.0,0.0,403.6,385.8,Increasing,2679.73,2897.45,2679.73,2809.01,1380100000,44144400000.0,2598.7,2670.1,Increasing,65.28,69.94,64.79,69.28,4174750.0,410202000.0,64.0,65.7,Increasing
6,2017-07-29,423.73,323.73,384.77,737815.0,0.0,404.8,392.1,Decreasing,2807.02,2808.76,2692.8,2726.45,803746000,46246700000.0,2675.2,2735.7,Decreasing,69.08,69.23,64.04,64.96,2912860.0,434587000.0,65.8,66.4,Decreasing
7,2017-07-30,385.14,316.25,345.66,606695.0,0.0,394.1,378.8,Decreasing,2724.39,2758.53,2644.85,2757.18,705943000,44890700000.0,2737.0,2764.2,Increasing,65.08,65.16,61.26,61.52,2147470.0,409831000.0,66.5,65.3,Decreasing
8,2017-07-31,347.82,266.19,294.46,1075960.0,0.0,380.7,341.6,Decreasing,2763.24,2889.62,2720.61,2875.34,860575000,45535800000.0,2764.9,2786.3,Increasing,61.29,66.64,57.91,66.14,1578510.0,386447000.0,65.1,64.2,Increasing
9,2017-08-01,426.11,210.38,380.01,65988800.0,0.0,342.0,340.0,Increasing,2871.3,2921.35,2685.61,2718.26,1324670000,47321800000.0,2786.3,2783.6,Decreasing,65.98,66.14,41.09,52.44,261126.0,416441000.0,64.1,60.0,Decreasing
10,2017-08-02,756.93,309.33,452.66,416207000.0,6302360000.0,341.1,375.7,Increasing,2727.13,2762.53,2668.59,2710.67,1094950000,44950800000.0,2787.2,2768.1,Decreasing,50.73,70.3,49.78,64.93,3277460.0,321857000.0,59.3,61.2,Increasing
11,2017-08-03,519.28,364.05,364.05,161518000.0,7392030000.0,375.2,398.9,Decreasing,2709.56,2813.31,2685.14,2804.73,804797000,44666400000.0,2769.3,2744.6,Increasing,65.09,69.85,64.73,69.35,4382480.0,413366000.0,60.6,62.2,Increasing
12,2017-08-04,386.93,233.05,233.05,185038000.0,5969720000.0,397.7,349.9,Decreasing,2806.93,2899.33,2743.72,2895.89,1002120000,46276200000.0,2747.9,2803.8,Increasing,69.41,71.1,67.85,70.9,4766590.0,441261000.0,61.7,68.4,Increasing
13,2017-08-05,273.04,200.98,213.15,144043000.0,3809330000.0,347.3,270.1,Decreasing,2897.63,3290.01,2874.83,3252.91,1945700000,47778200000.0,2804.7,2984.5,Increasing,70.72,80.61,70.72,79.13,4215220.0,450089000.0,68.4,73.1,Increasing
14,2017-08-06,223.7,203.44,220.66,107606000.0,3497290000.0,268.5,222.3,Increasing,3257.61,3293.29,3155.6,3213.94,1105030000,53720900000.0,2987.4,3120.9,Decreasing,79.13,81.21,75.75,79.32,3382890.0,504140000.0,73.1,76.4,Increasing
15,2017-08-07,373.87,223.76,319.69,346546000.0,3688360000.0,222.4,251.2,Increasing,3212.78,3397.68,3180.89,3378.94,1482280000,52987300000.0,3122.7,3281.9,Increasing,79.2,84.9,78.36,83.05,4506370.0,505097000.0,76.3,80.5,Increasing
16,2017-08-08,386.29,309.61,345.49,274880000.0,5297390000.0,252.4,295.3,Increasing,3370.22,3484.85,3345.83,3419.94,1752760000,55590300000.0,3280.2,3337.6,Increasing,83.13,87.32,83.03,86.51,8050680.0,530677000.0,80.5,83.0,Increasing
17,2017-08-09,349.32,298.61,303.89,165032000.0,5691960000.0,296.8,323.0,Decreasing,3420.4,3422.76,3247.67,3342.47,1468960000,56424900000.0,3334.5,3380.5,Decreasing,86.45,86.89,83.16,85.91,6557630.0,552995000.0,82.9,85.2,Decreasing
18,2017-08-10,311.68,274.68,275.95,136637000.0,5031790000.0,323.9,308.4,Decreasing,3341.84,3453.45,3319.47,3381.28,1515110000,55134700000.0,3377.5,3381.2,Increasing,85.94,92.18,85.46,91.54,8170850.0,550213000.0,85.2,88.0,Increasing
19,2017-08-11,351.16,275.02,328.24,233971000.0,4548600000.0,308.8,302.7,Increasing,3373.82,3679.72,3372.12,3650.62,2021190000,55668000000.0,3378.7,3458.1,Increasing,91.57,100.27,91.22,98.96,8535500.0,586851000.0,88.0,92.1,Increasing
20,2017-08-12,341.85,313.7,317.09,126007000.0,5405200000.0,303.0,307.1,Decreasing,3650.63,3949.92,3613.7,3884.71,2219590000,60242100000.0,3455.4,3638.9,Increasing,98.88,106.88,97.91,104.76,6396390.0,634327000.0,92.1,98.4,Increasing
21,2017-08-13,317.47,298.05,298.05,120722000.0,5215330000.0,306.7,314.5,Decreasing,3880.04,4208.39,3857.8,4073.26,3159090000,64034100000.0,3634.8,3869.5,Increasing,104.71,113.37,100.17,103.23,5104100.0,672851000.0,98.4,102.3,Decreasing
22,2017-08-14,327.39,293.5,297.68,174968000.0,4882720000.0,313.4,304.3,Increasing,4066.1,4325.13,3989.16,4325.13,2463090000,67112300000.0,3865.6,4094.4,Increasing,103.3,112.83,98.87,112.73,7806160.0,664460000.0,102.3,106.9,Increasing
23,2017-08-15,306.52,292.88,297.86,133924000.0,4917480000.0,303.5,297.9,Decreasing,4326.99,4455.97,3906.18,4181.93,3258050000,71425500000.0,4091.0,4193.4,Decreasing,113.03,116.79,104.35,112.26,8375150.0,728298000.0,107.0,109.4,Decreasing
24,2017-08-16,307.62,290.21,300.21,106436000.0,4914350000.0,297.4,298.6,Increasing,4200.34,4381.23,3994.42,4376.63,2272040000,69342700000.0,4197.8,4294.6,Increasing,112.38,119.41,107.07,119.36,8065040.0,724865000.0,109.6,114.8,Increasing
25,2017-08-17,460.53,293.1,460.53,744605000.0,4964980000.0,299.1,352.9,Increasing,4384.44,4484.7,4243.71,4331.69,2553360000,72389100000.0,4303.9,4296.8,Decreasing,119.23,122.91,115.32,117.9,9416780.0,769810000.0,114.9,116.5,Decreasing
26,2017-08-18,764.07,458.67,690.24,3087490000.0,7565590000.0,352.6,483.7,Increasing,4324.34,4370.13,4015.4,4160.62,2941710000,71406500000.0,4303.0,4289.6,Decreasing,117.65,124.19,115.06,121.08,7858910.0,760435000.0,116.4,119.4,Increasing
27,2017-08-19,1091.97,625.16,754.56,3196230000.0,11498100000.0,485.6,635.1,Increasing,4137.75,4243.26,3970.55,4193.7,2975820000,68333100000.0,4282.2,4228.7,Increasing,121.01,132.04,111.47,120.04,6751140.0,783024000.0,119.3,119.7,Decreasing
28,2017-08-20,858.96,683.94,712.87,1494020000.0,12742600000.0,642.7,719.2,Decreasing,4189.31,4196.29,4069.88,4087.66,2109770000,69192700000.0,4217.1,4147.3,Decreasing,119.53,119.61,114.63,116.77,4730720.0,774327000.0,119.4,119.3,Decreasing
29,2017-08-21,756.59,573.47,599.63,1123400000.0,11943100000.0,731.1,689.0,Decreasing,4090.48,4109.14,3988.6,4001.74,2800890000,67567100000.0,4139.2,4094.4,Decreasing,116.32,118.05,112.68,115.91,7667050.0,754278000.0,119.0,117.6,Decreasing
30,2017-08-22,734.88,570.27,690.88,1393260000.0,9844620000.0,697.4,667.8,Increasing,3998.35,4128.76,3674.58,4100.52,3764240000,66051000000.0,4092.7,4063.3,Increasing,116.16,121.95,106.55,120.44,6273350.0,754043000.0,117.3,117.7,Increasing
31,2017-08-23,715.67,651.32,669.4,501983000.0,11416800000.0,670.3,653.3,Decreasing,4089.01,4255.78,4078.41,4151.52,2369820000,67553000000.0,4059.3,4084.6,Increasing,120.2,130.43,119.72,127.97,9692110.0,781010000.0,117.6,121.4,Increasing
32,2017-08-24,697.32,617.31,628.11,407177000.0,11071100000.0,652.4,662.8,Decreasing,4137.6,4376.39,4130.26,4334.68,2037750000,68363900000.0,4075.0,4195.6,Increasing,128.05,131.49,119.89,127.08,8552010.0,832860000.0,121.5,125.2,Decreasing
33,2017-08-25,665.41,624.3,641.05,348632000.0,10365600000.0,662.7,646.2,Increasing,4332.82,4455.7,4307.35,4371.6,1727970000,71595100000.0,4186.5,4285.9,Increasing,123.4,149.89,38.98,100.87,3353200.0,803652000.0,123.9,118.6,Decreasing
34,2017-08-26,646.93,622.36,625.32,193414000.0,10616100000.0,646.3,631.5,Decreasing,4372.06,4379.28,4269.52,4352.4,1511610000,72249100000.0,4280.8,4352.9,Decreasing,100.14,136.51,93.25,116.13,995116.0,652789000.0,117.2,114.7,Increasing
35,2017-08-27,654.87,589.63,620.9,402718000.0,10357000000.0,631.6,629.1,Decreasing,4345.1,4416.59,4317.29,4382.88,1537460000,71809200000.0,4350.0,4369.0,Increasing,116.11,129.98,101.65,114.99,4895670.0,757691000.0,113.2,110.7,Decreasing
36,2017-08-28,626.88,595.52,596.18,216273000.0,10254800000.0,629.2,614.1,Decreasing,4384.45,4403.93,4224.64,4382.66,1959330000,72467900000.0,4367.2,4372.6,Decreasing,114.84,120.45,86.11,118.75,6444290.0,750345000.0,110.4,116.6,Increasing
37,2017-08-29,599.3,528.32,552.93,370017000.0,9866110000.0,613.9,590.0,Decreasing,4389.21,4625.68,4352.13,4579.02,2486080000,72553800000.0,4372.9,4448.2,Increasing,119.01,129.24,114.84,128.24,9907640.0,778470000.0,116.7,120.7,Increasing
38,2017-08-30,604.69,535.92,575.21,443856000.0,9092300000.0,588.4,574.8,Increasing,4570.36,4626.52,4471.41,4565.3,1937850000,75556600000.0,4448.0,4509.0,Decreasing,128.06,137.29,127.68,136.06,9923160.0,838560000.0,120.6,127.7,Increasing
39,2017-08-31,603.69,572.14,588.17,298144000.0,9538750000.0,573.9,572.1,Increasing,4555.59,4736.05,4549.4,4703.39,1944930000,75322300000.0,4505.1,4615.9,Increasing,135.6,136.88,132.24,135.63,6633480.0,888920000.0,127.6,133.3,Increasing
40,2017-09-01,645.52,586.73,622.17,393839000.0,9740460000.0,571.3,595.2,Increasing,4701.76,4892.01,4678.53,4892.01,2599080000,77748400000.0,4609.2,4720.2,Increasing,135.66,140.97,133.47,140.97,7854700.0,890229000.0,133.1,137.6,Increasing
41,2017-09-02,642.05,560.58,575.9,350478000.0,10297000000.0,595.5,595.4,Decreasing,4901.42,4975.04,4469.24,4578.77,2722140000,81060600000.0,4719.6,4724.7,Decreasing,141.11,142.8,128.0,131.33,5056030.0,926918000.0,137.5,136.0,Decreasing
42,2017-09-03,617.41,563.59,607.43,344862000.0,9574520000.0,596.2,601.8,Increasing,4585.27,4714.08,4417.59,4582.96,1933190000,75841700000.0,4729.5,4684.6,Decreasing,131.71,135.06,125.87,130.99,5244490.0,866869000.0,136.2,134.4,Decreasing
43,2017-09-04,608.26,500.75,517.24,328957000.0,10072200000.0,602.8,566.9,Decreasing,4591.63,4591.63,4108.4,4236.31,2987330000,75955500000.0,4692.8,4466.0,Decreasing,128.26,129.55,110.68,114.13,30395600.0,845031000.0,133.7,125.5,Decreasing
44,2017-09-05,550.95,458.78,541.71,338978000.0,8527100000.0,567.1,555.5,Increasing,4228.29,4427.84,3998.11,4376.53,2697970000,69954400000.0,4468.4,4398.6,Increasing,114.74,131.57,108.93,129.42,8537600.0,756793000.0,124.9,124.8,Increasing
45,2017-09-06,642.69,539.96,638.18,693240000.0,8964700000.0,554.8,565.7,Increasing,4376.59,4617.25,4376.59,4597.12,2172100000,72418700000.0,4398.8,4403.3,Increasing,130.25,142.16,128.84,136.18,8049390.0,863537000.0,124.4,126.6,Increasing
46,2017-09-07,707.98,603.5,652.86,1082380000.0,10548500000.0,564.3,610.9,Increasing,4589.14,4655.04,4491.33,4599.88,1844620000,75945000000.0,4398.0,4524.5,Increasing,135.88,138.67,132.52,137.61,7564730.0,901778000.0,127.0,134.4,Increasing
47,2017-09-08,687.3,557.5,583.1,809763000.0,10840500000.0,610.8,624.7,Decreasing,4605.16,4661.0,4075.18,4228.75,2700890000,76220200000.0,4523.6,4475.3,Decreasing,137.68,139.78,123.23,128.29,7051050.0,914556000.0,134.6,134.0,Decreasing
48,2017-09-09,586.18,539.15,547.47,234578000.0,9688150000.0,625.3,594.5,Decreasing,4229.81,4308.82,4114.11,4226.06,1386230000,70017200000.0,4474.7,4351.6,Decreasing,128.51,131.51,125.21,130.05,6225680.0,854520000.0,134.0,132.0,Increasing
49,2017-09-10,546.75,484.09,537.07,289508000.0,9055430000.0,595.2,555.9,Decreasing,4229.34,4245.44,3951.04,4122.94,1679090000,70018100000.0,4354.8,4192.6,Decreasing,129.7,129.7,118.94,122.92,4644030.0,863579000.0,132.0,127.1,Decreasing
50,2017-09-11,556.25,515.67,537.81,274712000.0,8902570000.0,556.1,540.8,Increasing,4122.47,4261.67,4099.4,4161.27,1557330000,68256000000.0,4193.9,4170.1,Increasing,121.88,128.2,120.76,125.7,7083720.0,812292000.0,126.7,126.2,Increasing
51,2017-09-12,559.22,505.01,510.41,273825000.0,8934220000.0,540.9,528.4,Decreasing,4168.88,4344.65,4085.22,4130.81,1864530000,69033400000.0,4173.6,4138.3,Decreasing,125.29,130.91,122.22,123.5,6861080.0,835911000.0,125.6,124.0,Decreasing
52,2017-09-13,519.2,471.22,503.61,340344000.0,8445540000.0,528.6,517.3,Decreasing,4131.98,4131.98,3789.92,3882.59,2219410000,68432200000.0,4141.1,4058.2,Decreasing,123.14,123.7,112.6,115.97,6315510.0,822282000.0,123.4,121.7,Decreasing
53,2017-09-14,510.47,367.04,367.04,257431000.0,8359650000.0,517.6,460.4,Decreasing,3875.37,3920.6,3153.86,3154.95,2716310000,64191600000.0,4058.7,3722.8,Decreasing,115.97,117.38,96.71,96.71,6367800.0,775543000.0,121.5,112.1,Decreasing
54,2017-09-15,448.39,301.69,424.02,707231000.0,6126800000.0,461.1,431.6,Increasing,3166.3,3733.45,2946.62,3637.52,4148070000,52453500000.0,3724.5,3558.4,Increasing,97.42,113.75,89.36,111.22,8539660.0,652107000.0,112.2,108.0,Increasing
55,2017-09-16,450.98,388.2,440.22,313583000.0,7039590000.0,432.7,410.4,Increasing,3637.75,3808.84,3487.79,3625.04,1818400000,60271600000.0,3559.8,3472.5,Decreasing,111.11,116.01,105.02,109.85,5683580.0,744652000.0,108.2,105.9,Decreasing
56,2017-09-17,438.9,384.06,419.86,221828000.0,7279520000.0,411.0,428.0,Decreasing,3606.28,3664.81,3445.64,3582.88,1239150000,59757800000.0,3470.1,3615.1,Decreasing,109.75,110.94,102.81,106.84,5350380.0,737226000.0,106.1,109.3,Decreasing
57,2017-09-18,479.69,422.09,479.32,458550000.0,7001640000.0,428.5,446.5,Increasing,3591.09,4079.23,3591.09,4065.2,1943210000,59514100000.0,3611.7,3757.7,Increasing,106.62,122.23,106.49,122.0,8192160.0,716916000.0,109.2,112.9,Increasing
58,2017-09-19,550.41,450.05,527.88,802321000.0,7975010000.0,447.2,475.7,Increasing,4073.79,4094.07,3868.87,3924.97,1563980000,67520300000.0,3757.1,3857.7,Decreasing,122.2,123.11,114.6,117.67,9224430.0,822711000.0,112.9,115.5,Decreasing
59,2017-09-20,527.72,471.09,476.05,669264000.0,8741670000.0,476.5,494.4,Decreasing,3916.36,4031.39,3857.73,3905.95,1213830000,64918500000.0,3860.4,3965.4,Decreasing,117.55,121.48,114.45,117.25,8498270.0,792175000.0,115.5,119.0,Decreasing
60,2017-09-21,480.0,413.75,416.26,316731000.0,7898300000.0,494.4,473.4,Decreasing,3901.47,3916.42,3613.63,3631.04,1411480000,64677600000.0,3963.9,3820.7,Decreasing,116.67,117.45,107.42,108.73,6427510.0,787024000.0,118.8,114.5,Decreasing
61,2017-09-22,435.44,402.77,415.09,241905000.0,6937170000.0,473.5,435.8,Decreasing,3628.02,3758.27,3553.53,3630.7,1194830000,60152300000.0,3815.3,3722.6,Increasing,108.61,113.21,107.07,109.69,6933750.0,733372000.0,114.3,111.9,Increasing
62,2017-09-23,432.96,407.45,428.5,189127000.0,6895970000.0,436.4,420.0,Increasing,3629.92,3819.21,3594.58,3792.4,928114000,60190000000.0,3719.8,3684.7,Increasing,109.38,113.91,108.24,113.17,5640310.0,739413000.0,111.6,110.5,Increasing
63,2017-09-24,433.04,419.25,421.03,114527000.0,7121950000.0,420.7,421.5,Decreasing,3796.15,3796.15,3666.9,3682.84,768015000,62954300000.0,3684.7,3702.0,Decreasing,113.12,113.27,108.57,110.11,4950760.0,765508000.0,110.4,111.0,Decreasing
64,2017-09-25,450.13,419.65,445.8,302272000.0,6971280000.0,421.3,431.8,Increasing,3681.58,3950.25,3681.58,3926.07,1374210000,61061100000.0,3702.5,3800.4,Increasing,109.68,119.57,109.51,117.5,10414100.0,742949000.0,110.7,113.6,Increasing
65,2017-09-26,458.25,441.83,441.83,165303000.0,7400020000.0,431.3,436.2,Decreasing,3928.41,3969.89,3869.9,3892.35,1043740000,65161000000.0,3802.0,3833.8,Decreasing,117.5,120.41,116.41,117.76,10629600.0,796741000.0,113.4,115.1,Increasing
66,2017-09-27,460.0,439.41,457.31,197885000.0,7343490000.0,435.6,448.3,Increasing,3892.94,4210.05,3884.82,4200.67,1686880000,64579200000.0,3834.3,4006.4,Increasing,117.41,127.13,117.36,126.31,10526200.0,800032000.0,114.9,120.5,Increasing
67,2017-09-28,465.2,433.5,447.81,300421000.0,7592000000.0,448.0,449.0,Decreasing,4197.13,4279.31,4109.7,4174.73,1712320000,69633200000.0,4006.2,4089.3,Decreasing,126.3,131.58,125.18,131.26,12807500.0,861593000.0,120.4,125.1,Increasing
68,2017-09-29,447.92,426.99,436.77,148725000.0,7441960000.0,448.7,447.3,Decreasing,4171.62,4214.63,4039.29,4163.07,1367050000,69219200000.0,4087.2,4179.5,Decreasing,131.15,132.31,123.58,130.11,10871800.0,895647000.0,125.0,129.2,Decreasing
69,2017-09-30,445.62,432.53,432.63,150565000.0,7258880000.0,447.0,439.1,Decreasing,4166.11,4358.43,4160.86,4338.71,1207450000,69136600000.0,4178.3,4225.5,Increasing,130.13,136.54,128.68,136.16,7830160.0,889567000.0,129.2,132.5,Increasing
70,2017-10-01,436.94,415.15,415.15,164290000.0,7207770000.0,439.2,428.2,Decreasing,4341.05,4403.74,4269.81,4403.74,1208210000,72047300000.0,4226.3,4301.8,Increasing,136.23,139.33,134.03,139.33,5808050.0,932178000.0,132.5,135.2,Increasing
71,2017-10-02,430.86,411.84,421.19,219590000.0,6921580000.0,428.6,423.0,Increasing,4395.81,4470.23,4377.46,4409.32,1431730000,72963200000.0,4301.0,4383.9,Increasing,139.19,140.6,134.72,139.08,11113800.0,953552000.0,135.2,138.2,Decreasing
72,2017-10-03,421.79,395.74,404.18,130247000.0,7022370000.0,423.7,413.5,Decreasing,4408.46,4432.47,4258.89,4317.48,1288020000,73181300000.0,4381.8,4376.8,Decreasing,139.07,139.75,134.2,136.58,8298420.0,955766000.0,138.2,138.3,Decreasing
73,2017-10-04,404.45,354.55,358.45,251584000.0,6729640000.0,414.0,394.6,Decreasing,4319.37,4352.31,4210.42,4229.36,1116770000,71712500000.0,4374.5,4318.7,Decreasing,136.92,138.58,134.12,135.09,7468280.0,941932000.0,138.4,136.9,Decreasing
74,2017-10-05,371.19,348.45,355.75,268341000.0,5971260000.0,394.8,372.8,Decreasing,4229.88,4362.64,4164.05,4328.41,1161770000,70233700000.0,4319.2,4291.8,Increasing,135.21,140.32,132.93,138.96,8245120.0,931554000.0,137.1,136.9,Increasing
75,2017-10-06,371.28,354.96,363.01,182031000.0,5926540000.0,372.7,359.1,Increasing,4324.46,4413.27,4320.53,4370.81,1069940000,71810600000.0,4291.2,4309.5,Increasing,138.96,143.83,138.68,141.86,10787200.0,958272000.0,137.0,138.6,Increasing
76,2017-10-07,364.88,356.06,360.78,91004000.0,6062860000.0,359.2,359.8,Decreasing,4369.35,4443.88,4321.05,4426.89,906928000,72565100000.0,4307.9,4375.4,Increasing,141.85,144.33,139.16,144.15,6342670.0,984296000.0,138.7,141.7,Increasing
77,2017-10-08,362.46,337.0,342.21,203754000.0,6004940000.0,359.7,355.3,Decreasing,4429.67,4624.14,4405.64,4610.48,1313870000,73575400000.0,4374.5,4469.4,Increasing,142.71,148.93,142.33,148.31,6956630.0,995090000.0,141.2,144.8,Increasing
78,2017-10-09,342.76,289.04,314.16,288075000.0,5716320000.0,355.5,339.1,Decreasing,4614.52,4878.71,4564.25,4772.02,1968740000,76656500000.0,4471.2,4603.1,Increasing,148.29,161.37,146.63,158.66,12646700.0,1034940000.0,144.3,150.4,Increasing
79,2017-10-10,352.02,311.7,321.59,367809000.0,5224170000.0,338.7,326.0,Increasing,4776.21,4922.17,4765.1,4781.99,1597140000,79351800000.0,4606.8,4721.5,Increasing,158.71,166.74,158.71,161.25,13035600.0,1116440000.0,149.9,156.1,Increasing
80,2017-10-11,321.26,312.13,314.9,131577000.0,5341000000.0,325.4,316.9,Decreasing,4789.25,4873.73,4751.63,4826.48,1222280000,79578200000.0,4726.7,4793.5,Increasing,161.34,168.28,158.95,166.59,13011800.0,1143640000.0,156.1,162.2,Increasing
81,2017-10-12,330.13,310.71,313.21,262066000.0,5262390000.0,316.3,316.6,Decreasing,4829.58,5446.91,4822.0,5446.91,2791610000,80256700000.0,4798.3,5018.5,Increasing,166.71,188.09,166.23,188.09,15616200.0,1182750000.0,162.3,172.0,Increasing
82,2017-10-13,323.08,304.38,321.46,288210000.0,5242630000.0,316.6,316.5,Increasing,5464.16,5840.3,5436.85,5647.21,3615480000,90812400000.0,5027.7,5306.9,Increasing,188.67,204.19,187.51,196.72,18181900.0,1350390000.0,172.2,183.8,Increasing
83,2017-10-14,327.42,317.35,321.96,164137000.0,5369720000.0,317.1,318.9,Increasing,5643.53,5837.7,5591.64,5831.79,1669030000,93803000000.0,5312.4,5642.0,Increasing,196.68,201.51,193.34,199.74,12375600.0,1409300000.0,184.0,194.8,Increasing
84,2017-10-15,323.59,307.68,314.95,133385000.0,5384760000.0,319.4,319.5,Decreasing,5835.96,5852.48,5478.61,5678.19,1976040000,97011900000.0,5647.9,5719.1,Decreasing,200.83,201.44,186.43,193.03,9190960.0,1440370000.0,195.4,196.5,Decreasing
85,2017-10-16,318.02,310.52,313.64,117797000.0,5265400000.0,319.7,316.9,Decreasing,5687.57,5776.23,5544.21,5725.59,2008070000,94559000000.0,5722.4,5745.2,Increasing,193.05,200.68,190.66,199.63,14092700.0,1385880000.0,196.9,197.5,Increasing
86,2017-10-17,394.96,309.64,371.73,1008160000.0,5239520000.0,317.1,333.4,Increasing,5741.58,5800.35,5472.72,5605.51,1821570000,95469300000.0,5755.0,5669.8,Decreasing,199.63,200.25,191.38,193.95,14142600.0,1434990000.0,197.8,195.5,Decreasing
87,2017-10-18,376.18,313.77,339.17,477184000.0,6240990000.0,334.2,341.5,Decreasing,5603.82,5603.82,5151.44,5590.69,2399270000,93190200000.0,5677.7,5640.6,Decreasing,193.93,196.44,178.7,195.38,13234800.0,1395380000.0,195.5,196.3,Increasing
88,2017-10-19,339.27,326.27,330.81,195578000.0,5667070000.0,342.2,347.2,Decreasing,5583.74,5744.35,5531.06,5708.52,1780540000,92867000000.0,5643.0,5634.9,Increasing,195.58,202.03,194.07,199.79,14086400.0,1410190000.0,196.4,196.4,Increasing
89,2017-10-20,332.98,323.08,327.44,160204000.0,5527860000.0,347.9,332.5,Decreasing,5708.11,6060.11,5627.23,6011.45,2354430000,94947900000.0,5631.9,5770.2,Increasing,199.81,216.68,198.23,213.46,15662400.0,1442010000.0,196.4,202.9,Increasing
90,2017-10-21,328.45,317.46,323.36,129938000.0,5458980000.0,332.3,327.2,Decreasing,5996.79,6194.88,5965.07,6031.6,2207100000,99763200000.0,5762.9,5917.2,Increasing,213.01,218.42,204.56,210.4,10211700.0,1538750000.0,202.8,207.9,Decreasing
91,2017-10-22,355.52,323.5,331.66,355546000.0,5405020000.0,327.0,327.5,Increasing,6036.66,6076.26,5792.34,6008.42,2034630000,100438000000.0,5913.9,6017.2,Decreasing,208.5,210.75,198.85,205.04,9944220.0,1507780000.0,207.1,209.6,Decreasing
92,2017-10-23,332.28,309.87,315.6,191558000.0,5524790000.0,327.0,323.5,Decreasing,6006.0,6075.59,5732.47,5930.32,2401840000,99941600000.0,6013.1,5990.1,Decreasing,204.72,208.28,193.84,198.57,13730900.0,1481770000.0,208.7,204.7,Decreasing
93,2017-10-24,340.45,311.48,326.89,267442000.0,5278410000.0,323.4,324.7,Increasing,5935.52,5935.52,5504.18,5526.64,2735700000,98781600000.0,5992.7,5821.8,Decreasing,196.65,201.47,186.31,193.7,12298000.0,1424770000.0,203.3,199.1,Decreasing
94,2017-10-25,334.38,320.38,332.13,151935000.0,5457720000.0,324.4,324.9,Increasing,5524.6,5754.33,5397.88,5750.8,1966990000,91954200000.0,5822.0,5735.9,Increasing,193.74,206.68,188.8,206.32,17013600.0,1405090000.0,198.4,199.5,Increasing
95,2017-10-26,350.94,331.21,338.2,234967000.0,5550700000.0,324.9,332.4,Increasing,5747.95,5976.8,5721.22,5904.83,1905040000,95685100000.0,5736.0,5727.4,Increasing,206.38,220.18,205.15,216.59,15882500.0,1506580000.0,198.9,205.5,Increasing
96,2017-10-27,372.81,338.24,367.57,501989000.0,5655870000.0,332.3,346.0,Increasing,5899.74,5988.39,5728.82,5780.9,1710130000,98225400000.0,5724.1,5812.2,Decreasing,216.65,220.7,210.38,212.55,14048500.0,1582930000.0,205.6,211.8,Decreasing
97,2017-10-28,425.44,369.06,423.35,781037000.0,6183520000.0,346.6,376.4,Increasing,5787.82,5876.72,5689.19,5753.09,1403920000,96369600000.0,5811.8,5812.9,Decreasing,213.13,217.36,209.66,211.84,10550800.0,1558580000.0,212.1,213.7,Decreasing
98,2017-10-29,526.12,408.4,451.92,2002440000.0,7042260000.0,376.1,414.3,Increasing,5754.44,6255.71,5724.58,6153.85,2859040000,95819800000.0,5814.0,5895.9,Increasing,211.72,233.22,211.18,227.1,11138200.0,1549720000.0,213.8,217.2,Increasing
99,2017-10-30,478.42,417.62,448.23,796409000.0,7679000000.0,416.2,441.2,Decreasing,6114.85,6214.99,6040.85,6130.53,1772150000,101833000000.0,5885.7,6012.5,Increasing,225.77,230.18,223.09,228.12,22568300.0,1653970000.0,216.9,222.4,Increasing
100,2017-10-31,454.07,431.76,439.05,343799000.0,7527260000.0,442.8,446.4,Decreasing,6132.02,6470.43,6103.33,6468.4,2311380000,102130000000.0,6000.4,6250.9,Increasing,227.38,239.52,226.79,239.52,18364400.0,1667460000.0,221.6,231.6,Increasing
101,2017-11-01,538.26,437.91,531.83,1152230000.0,7342250000.0,448.7,473.0,Increasing,6440.97,6767.31,6377.88,6767.31,2870320000,107287000000.0,6229.3,6455.4,Increasing,239.45,251.29,234.88,250.93,24030900.0,1757760000.0,230.9,239.5,Increasing
102,2017-11-02,610.39,514.52,587.22,1632060000.0,8840010000.0,471.8,519.4,Increasing,6777.77,7367.33,6758.72,7078.5,4653770000,112910000000.0,6450.3,6771.4,Increasing,251.29,273.73,251.29,263.27,23900000.0,1846340000.0,239.4,251.2,Increasing
103,2017-11-03,684.53,577.86,625.32,1682210000.0,9839760000.0,517.8,581.5,Increasing,7087.53,7461.29,7002.94,7207.76,3369860000,118084000000.0,6768.8,7017.9,Increasing,262.93,284.64,260.1,271.12,25755600.0,1934570000.0,251.2,261.8,Increasing
104,2017-11-04,642.05,571.12,620.45,1161370000.0,10647200000.0,583.4,611.0,Decreasing,7164.48,7492.86,7031.28,7379.95,2483800000,119376000000.0,7009.9,7222.1,Increasing,270.45,284.62,259.07,278.66,66891000.0,578248000.0,261.6,271.0,Increasing
105,2017-11-05,635.72,579.13,630.7,816028000.0,10390900000.0,614.2,625.5,Increasing,7404.52,7617.48,7333.19,7407.41,2380410000,123388000000.0,7218.8,7331.7,Increasing,278.1,285.64,273.37,276.28,14591800.0,594608000.0,270.5,275.4,Decreasing
106,2017-11-06,657.34,602.65,602.65,794105000.0,10566600000.0,628.5,617.9,Decreasing,7403.22,7445.77,7007.31,7022.76,3111900000,123379000000.0,7324.1,7270.0,Decreasing,276.58,279.72,259.64,259.85,19432300.0,591355000.0,275.0,271.6,Decreasing
107,2017-11-07,626.21,602.45,616.3,375367000.0,10105200000.0,617.6,616.6,Increasing,7023.1,7253.32,7023.1,7144.38,2326340000,117056000000.0,7276.9,7191.5,Increasing,260.04,273.18,260.04,271.27,22712300.0,555997000.0,271.6,269.1,Increasing
108,2017-11-08,646.38,565.6,622.46,837646000.0,10317500000.0,616.1,613.8,Increasing,7141.38,7776.42,7114.02,7459.69,4602200000,119041000000.0,7189.2,7208.9,Increasing,270.43,298.81,268.81,285.47,22643000.0,578193000.0,269.0,272.2,Increasing
109,2017-11-09,670.14,619.26,654.3,710387000.0,10437700000.0,613.4,631.0,Increasing,7446.83,7446.83,7101.52,7143.58,3226250000,124146000000.0,7203.8,7249.2,Decreasing,285.18,285.42,270.68,273.57,22690900.0,609733000.0,271.9,276.8,Decreasing
110,2017-11-10,1034.77,651.77,1007.42,5195420000.0,10933000000.0,629.8,761.4,Increasing,7173.73,7312.0,6436.87,6618.14,5208250000,119607000000.0,7254.0,7073.8,Decreasing,274.44,286.7,248.33,253.59,20860300.0,586777000.0,276.7,270.9,Decreasing
111,2017-11-11,1403.66,910.72,1340.45,5139770000.0,16807400000.0,758.6,1000.7,Increasing,6618.61,6873.15,6204.22,6357.6,4908680000,110362000000.0,7079.7,6706.4,Decreasing,252.63,262.24,237.99,241.58,15969100.0,540148000.0,270.7,256.2,Decreasing
112,2017-11-12,2477.65,1215.58,1388.86,8371320000.0,22614400000.0,1000.1,1245.6,Increasing,6295.45,6625.05,5519.01,5950.07,8957350000,104980000000.0,6695.9,6308.6,Decreasing,241.44,241.44,201.66,218.0,13218700.0,516226000.0,256.2,237.7,Decreasing
113,2017-11-13,1501.16,1043.0,1353.99,4850570000.0,23214700000.0,1243.5,1361.1,Decreasing,5938.25,6811.19,5844.29,6559.49,6263250000,99029000000.0,6284.1,6289.1,Increasing,218.02,259.44,216.57,251.9,19908200.0,466138000.0,237.4,237.2,Increasing
114,2017-11-14,1390.21,1211.39,1273.53,1697910000.0,22626200000.0,1358.5,1338.8,Decreasing,6561.48,6764.98,6461.75,6635.75,3197110000,109434000000.0,6265.1,6381.8,Increasing,252.45,259.37,248.25,255.38,22764400.0,539765000.0,237.3,241.8,Increasing
115,2017-11-15,1326.39,1191.98,1212.4,1321780000.0,21335600000.0,1332.8,1280.0,Decreasing,6634.76,7342.25,6634.76,7315.54,4200880000,110667000000.0,6378.2,6836.9,Increasing,255.66,280.37,255.66,273.13,26940000.0,546634000.0,242.0,260.1,Increasing
116,2017-11-16,1210.36,876.57,900.78,2034690000.0,20202000000.0,1272.9,1128.9,Decreasing,7323.24,7967.38,7176.58,7871.69,5123810000,122164000000.0,6839.8,7274.3,Increasing,274.63,308.34,261.24,303.01,31028800.0,587185000.0,260.9,277.2,Increasing
117,2017-11-17,1217.42,863.98,1185.48,3203430000.0,15279000000.0,1127.0,1099.6,Increasing,7853.57,8004.59,7561.09,7708.99,4651670000,131026000000.0,7270.5,7632.1,Decreasing,302.48,308.66,291.0,297.02,23569000.0,646736000.0,277.6,291.1,Decreasing
118,2017-11-18,1388.11,1197.43,1254.53,3053770000.0,20125900000.0,1102.9,1113.6,Increasing,7697.21,7884.99,7463.44,7790.15,3667190000,128425000000.0,7624.7,7790.3,Increasing,295.91,299.17,284.36,294.92,17783600.0,632692000.0,291.0,298.3,Decreasing
119,2017-11-19,1262.34,1144.08,1172.05,1285910000.0,21196200000.0,1122.5,1204.0,Decreasing,7766.03,8101.91,7694.1,8036.49,3149320000,129595000000.0,7772.3,7845.2,Increasing,294.46,295.88,281.27,292.65,16763600.0,629582000.0,297.6,294.9,Decreasing
120,2017-11-20,1236.01,1167.28,1236.01,800053000.0,19710200000.0,1210.3,1220.9,Increasing,8039.07,8336.86,7949.36,8200.64,3488450000,134167000000.0,7834.1,8009.1,Increasing,292.5,302.04,256.51,296.51,28203100.0,625403000.0,294.3,294.7,Increasing
121,2017-11-21,1224.15,1140.88,1176.97,772859000.0,20525100000.0,1218.1,1195.0,Decreasing,8205.74,8348.66,7762.71,8071.26,4277610000,136967000000.0,8003.6,8102.8,Decreasing,296.57,301.53,274.78,294.1,23952700.0,634092000.0,294.5,294.4,Decreasing
122,2017-11-22,1335.25,1171.6,1303.31,1517620000.0,19758600000.0,1189.4,1238.8,Increasing,8077.95,8302.26,8075.47,8253.55,3633530000,134851000000.0,8107.6,8175.2,Increasing,294.75,301.19,291.73,299.33,19632100.0,630210000.0,294.6,296.6,Increasing
123,2017-11-23,1683.81,1299.95,1683.81,4112090000.0,21899400000.0,1232.7,1388.0,Increasing,8232.38,8267.4,8038.77,8038.77,4225180000,137444000000.0,8172.0,8121.2,Decreasing,299.29,301.0,289.76,289.76,17550800.0,639913000.0,296.9,294.4,Decreasing
124,2017-11-24,1782.83,1575.76,1648.51,3128960000.0,27782400000.0,1376.4,1545.2,Decreasing,8074.02,8374.16,7940.93,8253.69,5058610000,134816000000.0,8128.1,8182.0,Increasing,289.12,300.32,283.56,297.26,17307700.0,618155000.0,294.4,295.4,Increasing
125,2017-11-25,1656.55,1535.77,1571.27,1560040000.0,27484900000.0,1529.4,1634.5,Decreasing,8241.71,8790.92,8191.15,8790.92,4342060000,137632000000.0,8182.7,8361.1,Increasing,296.49,307.98,277.08,304.7,19070800.0,633916000.0,295.0,297.2,Increasing
126,2017-11-26,1758.61,1563.35,1735.66,1593050000.0,26434500000.0,1619.1,1651.8,Increasing,8789.04,9522.93,8775.59,9330.55,5475580000,146789000000.0,8368.3,8791.7,Increasing,304.6,310.0,273.25,299.79,20582600.0,651255000.0,296.7,300.6,Decreasing
127,2017-11-27,1742.4,1607.79,1622.57,1391460000.0,28986800000.0,1642.8,1643.2,Decreasing,9352.72,9818.35,9352.72,9818.35,5653320000,156221000000.0,8794.5,9313.3,Increasing,299.69,307.44,273.6,300.48,28551400.0,640764000.0,300.3,301.7,Increasing
128,2017-11-28,1629.48,1543.08,1546.18,1274880000.0,27277200000.0,1638.5,1634.8,Decreasing,9823.43,10125.7,9736.3,10058.8,6348820000,164104000000.0,9321.7,9735.9,Increasing,301.27,301.27,284.99,286.04,25368700.0,644146000.0,301.9,295.4,Decreasing
129,2017-11-29,1673.23,1332.14,1359.71,2345250000.0,25941800000.0,1628.6,1509.5,Decreasing,10077.4,11517.4,9601.03,9888.61,11568800000,168367000000.0,9751.2,9921.9,Decreasing,285.09,325.31,253.61,269.33,31234400.0,609556000.0,295.3,285.3,Decreasing
130,2017-11-30,1468.75,1222.1,1389.78,1211730000.0,23230400000.0,1514.4,1431.9,Increasing,9906.79,10801.0,9202.05,10233.6,8310690000,165537000000.0,9935.9,10060.3,Increasing,273.51,297.65,255.41,285.46,19684400.0,584800000.0,286.6,280.3,Increasing
131,2017-12-01,1482.68,1300.46,1462.68,965151000.0,23257100000.0,1434.6,1404.1,Increasing,10198.6,11046.7,9694.65,10975.6,6783120000,170436000000.0,10060.9,10365.9,Increasing,283.65,322.74,272.85,322.74,23616200.0,903630000.0,280.7,292.5,Increasing
132,2017-12-02,1502.37,1415.49,1434.98,574510000.0,24610500000.0,1408.1,1429.1,Decreasing,10978.3,11320.2,10905.1,11074.6,5138500000,183490000000.0,10361.2,10761.3,Increasing,322.45,327.56,310.75,319.24,16065500.0,1027220000.0,293.2,309.1,Decreasing
133,2017-12-03,1649.3,1420.6,1559.93,1476740000.0,24163600000.0,1426.4,1485.9,Increasing,11082.7,11858.7,10862.0,11323.2,6608310000,185258000000.0,10753.2,11124.5,Increasing,318.83,342.51,296.17,311.99,16500300.0,1015700000.0,308.3,318.0,Decreasing
134,2017-12-04,1580.11,1498.98,1576.92,780634000.0,26267300000.0,1485.9,1523.9,Increasing,11315.4,11657.2,11081.8,11657.2,6132410000,189172000000.0,11125.5,11351.7,Increasing,292.85,332.09,292.85,330.67,19053100.0,932938000.0,311.4,320.6,Increasing
135,2017-12-05,1623.16,1498.0,1501.85,1032800000.0,26606900000.0,1525.2,1546.2,Decreasing,11685.7,12032.0,11604.6,11916.7,6895260000,195389000000.0,11361.3,11632.4,Increasing,331.34,338.96,324.2,331.74,21190000.0,1055560000.0,314.3,324.8,Increasing
136,2017-12-06,1530.65,1396.16,1430.1,1154620000.0,25234400000.0,1546.3,1503.0,Decreasing,11923.4,14369.1,11923.4,14291.5,12656300000,199390000000.0,11641.5,12621.8,Increasing,331.14,371.27,331.14,369.24,31103500.0,1054920000.0,318.4,343.9,Increasing
137,2017-12-07,1454.73,1323.75,1330.93,1285210000.0,24095900000.0,1503.1,1421.0,Decreasing,14266.1,17899.7,14057.3,17899.7,17950700000,238600000000.0,12625.1,14702.6,Increasing,368.22,447.18,361.2,447.18,37367700.0,1173020000.0,343.6,382.7,Increasing
138,2017-12-08,1731.32,1247.93,1464.13,2553980000.0,22386700000.0,1419.5,1408.4,Increasing,17802.9,18353.4,14336.9,16569.4,21136000000,297787000000.0,14664.1,16253.5,Decreasing,447.95,453.42,356.84,409.73,24872700.0,1427030000.0,382.4,408.7,Decreasing
139,2017-12-09,1526.4,1353.9,1410.06,1059610000.0,24671600000.0,1408.2,1401.7,Decreasing,16523.3,16783.0,13674.9,15178.2,13911300000,276415000000.0,16197.4,16549.1,Decreasing,409.58,415.65,338.1,373.26,24820000.0,1304780000.0,408.6,410.1,Decreasing
140,2017-12-10,1411.84,1226.21,1323.07,885886000.0,23784900000.0,1401.9,1399.1,Decreasing,15168.4,15850.6,13226.6,15455.4,13433300000,253782000000.0,16498.2,15734.3,Increasing,374.78,384.96,328.65,374.21,26008800.0,1193920000.0,410.8,385.7,Decreasing
141,2017-12-11,1453.49,1316.85,1423.38,922792000.0,22239900000.0,1398.8,1385.5,Increasing,15427.4,17513.9,15404.8,16936.8,12153900000,258147000000.0,15706.4,15856.8,Increasing,371.31,396.37,369.68,379.63,39237900.0,1773700000.0,385.2,375.7,Increasing
142,2017-12-12,1638.29,1427.38,1615.03,1386250000.0,24051800000.0,1386.4,1453.8,Increasing,16919.8,17781.8,16571.6,17415.4,14603800000,283155000000.0,15838.5,16602.5,Increasing,380.64,399.23,371.32,387.75,27229000.0,1819050000.0,375.6,380.5,Increasing
143,2017-12-13,1702.53,1497.94,1607.65,1245190000.0,27249600000.0,1454.8,1548.7,Decreasing,17500.0,17653.1,16039.7,16408.2,12976900000,292900000000.0,16615.7,16920.1,Decreasing,388.2,394.73,355.94,366.3,28852100.0,1855820000.0,380.0,377.9,Decreasing
144,2017-12-14,2080.41,1593.15,1966.14,2717410000.0,26977700000.0,1548.3,1729.6,Increasing,16384.6,17085.8,16185.9,16564.0,13777400000,274269000000.0,16934.8,16795.9,Increasing,365.37,383.02,360.52,373.44,13732500.0,1747280000.0,378.1,375.8,Increasing
145,2017-12-15,1974.66,1678.06,1815.43,1457230000.0,33284800000.0,1730.8,1796.4,Decreasing,16601.3,18154.1,16601.3,17706.9,14310000000,277936000000.0,16828.6,16893.0,Increasing,373.81,403.65,373.79,396.08,32579600.0,1788160000.0,375.8,378.6,Increasing
146,2017-12-16,1890.06,1769.5,1801.88,971255000.0,30762600000.0,1800.1,1861.1,Decreasing,17760.3,19716.7,17515.3,19497.4,12740600000,297376000000.0,16915.4,17922.8,Increasing,400.71,461.08,395.56,457.47,26412700.0,1918270000.0,380.0,409.0,Increasing
147,2017-12-17,1939.93,1806.65,1862.88,1020590000.0,30554500000.0,1870.6,1826.7,Increasing,19475.8,20089.0,18974.1,19140.8,13314600000,326141000000.0,17945.8,18781.7,Decreasing,457.7,509.99,425.81,427.71,21532200.0,2192630000.0,410.7,427.1,Decreasing
148,2017-12-18,2353.64,1799.12,2196.64,2538650000.0,31516900000.0,1835.5,1953.8,Increasing,19106.4,19371.0,18355.9,19114.2,14839500000,320000000000.0,18780.8,19250.8,Increasing,428.94,476.62,409.93,430.04,26753200.0,2056020000.0,429.1,438.4,Increasing
149,2017-12-19,2918.93,2160.92,2805.89,3913340000.0,37083300000.0,1960.2,2288.5,Increasing,19118.3,19177.8,17275.4,17776.7,16894500000,320242000000.0,19233.5,18677.2,Decreasing,430.55,456.14,374.84,387.42,23525300.0,2066800000.0,439.1,415.1,Decreasing
150,2017-12-20,4355.62,2825.03,3923.07,11889600000.0,47644600000.0,2297.8,2975.2,Increasing,17760.3,17934.7,16077.7,16624.6,22149700000,297526000000.0,18661.7,17838.5,Decreasing,387.11,393.7,348.98,362.78,18826800.0,1859370000.0,415.5,393.4,Decreasing
151,2017-12-21,3909.0,3038.01,3267.17,3664330000.0,65933700000.0,2977.7,3332.0,Decreasing,16642.4,17567.7,15342.7,15802.9,16516600000,278827000000.0,17840.3,16734.7,Decreasing,363.26,381.93,330.41,340.55,19732800.0,1745220000.0,393.6,363.6,Decreasing
152,2017-12-22,3369.55,1938.36,2696.69,3877770000.0,56071800000.0,3352.7,3295.6,Decreasing,15898.0,15943.4,11833.0,13831.8,22198000000,266381000000.0,16766.9,15419.8,Decreasing,341.75,344.77,244.23,289.79,22788300.0,1999910000.0,364.0,331.0,Decreasing
153,2017-12-23,3479.71,2684.82,3257.08,2843310000.0,46342000000.0,3326.6,3073.6,Increasing,13948.7,15603.2,13828.8,14699.2,13086000000,233748000000.0,15496.4,14778.0,Increasing,292.51,314.15,286.95,288.51,15772600.0,1712400000.0,332.5,306.3,Decreasing
154,2017-12-24,3260.55,2573.44,2903.12,1712160000.0,55013200000.0,3110.5,2952.3,Decreasing,14608.2,14626.0,12747.7,13925.8,11572300000,244824000000.0,14818.3,14152.3,Decreasing,291.72,291.72,224.09,241.63,14577700.0,1708250000.0,308.7,273.3,Decreasing
155,2017-12-25,3099.62,2755.6,2954.69,1355440000.0,49430800000.0,2979.0,3038.3,Increasing,13995.9,14593.0,13448.9,14026.6,10664700000,234590000000.0,14184.3,14217.2,Increasing,244.16,244.16,216.11,220.01,18920000.0,1468910000.0,276.1,250.0,Decreasing
156,2017-12-26,3112.64,2915.8,3108.89,1544430000.0,49745700000.0,3045.9,2988.9,Increasing,14036.6,16461.2,14028.9,16099.8,13454300000,235294000000.0,14213.6,14684.1,Increasing,219.87,427.11,216.66,397.87,89649200.0,1323500000.0,251.9,286.5,Increasing
157,2017-12-27,3108.32,2771.05,2889.52,1406450000.0,52461200000.0,2995.1,2984.4,Decreasing,16163.5,16930.9,15114.3,15838.5,12487600000,270976000000.0,14732.0,15321.6,Decreasing,397.43,476.4,342.22,421.6,65798100.0,2393430000.0,287.2,346.5,Increasing
158,2017-12-28,2896.78,2481.3,2566.64,3221300000.0,48758700000.0,2981.6,2855.0,Decreasing,15864.1,15888.4,13937.3,14606.5,12336500000,265988000000.0,15354.7,15514.9,Decreasing,420.53,479.3,372.94,409.57,60271900.0,2533780000.0,345.9,409.7,Decreasing
159,2017-12-29,2922.41,2389.04,2779.95,2479420000.0,43677000000.0,2861.4,2745.4,Increasing,14695.8,15279.0,14307.0,14656.2,13025500000,246428000000.0,15574.5,15033.7,Decreasing,413.53,470.86,407.81,463.31,41366100.0,2556520000.0,410.5,431.5,Increasing
160,2017-12-30,2791.55,2329.47,2392.41,1257760000.0,47129800000.0,2755.8,2579.7,Decreasing,14681.9,14681.9,12350.1,12952.2,14452600000,246224000000.0,15080.6,14071.6,Decreasing,461.94,462.06,369.14,384.56,26618900.0,2857050000.0,432.0,419.1,Decreasing
161,2017-12-31,2627.95,2350.03,2533.01,1300820000.0,40134900000.0,2585.3,2568.5,Increasing,12897.7,14377.4,12755.6,14156.4,12136300000,216326000000.0,14091.8,13921.6,Increasing,380.71,431.38,377.46,418.96,21278700.0,2355660000.0,418.7,422.3,Increasing
162,2018-01-01,2534.86,2389.52,2432.54,922813000.0,42804800000.0,2567.8,2452.7,Decreasing,14112.2,14112.2,13154.7,13657.2,10291200000,236725000000.0,13897.3,13588.6,Decreasing,420.98,445.46,376.74,385.5,27366000.0,2605740000.0,421.2,396.3,Decreasing
163,2018-01-02,2867.14,2434.5,2711.0,1831230000.0,41114800000.0,2448.8,2558.8,Increasing,13625.0,15444.6,13163.6,14982.1,16846600000,228579000000.0,13545.0,14265.2,Increasing,385.47,429.82,366.95,428.6,25422700.0,2387210000.0,395.7,411.0,Increasing
164,2018-01-03,2958.47,2592.56,2608.69,4688840000.0,45613300000.0,2556.6,2584.1,Decreasing,14978.2,15572.8,14844.5,15201.0,16871900000,251312000000.0,14238.5,14613.4,Increasing,428.23,447.77,419.69,447.53,27060700.0,2636180000.0,411.6,420.5,Increasing
165,2018-01-04,2610.2,2359.3,2430.18,5377260000.0,44069100000.0,2581.3,2583.3,Decreasing,15270.7,15739.7,14522.2,15599.2,21783200000,256250000000.0,14624.6,15260.8,Increasing,450.46,451.06,409.01,428.53,24251600.0,2774750000.0,421.4,434.9,Decreasing
166,2018-01-05,2648.32,2370.59,2584.48,2115710000.0,40557600000.0,2570.1,2541.1,Increasing,15477.2,17705.2,15202.8,17429.5,23840900000,259748000000.0,15242.0,16076.6,Increasing,428.6,429.67,397.46,402.82,36359800.0,2641470000.0,435.8,426.3,Decreasing
167,2018-01-06,2829.69,2481.36,2786.65,1669160000.0,43653200000.0,2531.1,2600.4,Increasing,17462.1,17712.4,16764.6,17527.0,18314600000,293091000000.0,16070.0,16851.9,Increasing,402.66,451.29,394.0,449.47,24776400.0,2482510000.0,427.2,426.9,Increasing
168,2018-01-07,3071.16,2730.31,2786.88,1444780000.0,47054000000.0,2589.7,2719.3,Increasing,17527.3,17579.6,16087.7,16477.6,15866000000,294222000000.0,16822.2,17144.7,Decreasing,449.02,449.02,372.9,376.96,21804900.0,2770550000.0,426.8,409.7,Decreasing
169,2018-01-08,2810.32,2275.07,2421.47,1428900000.0,47091600000.0,2718.3,2665.0,Decreasing,16476.2,16537.9,14208.2,15170.1,18413900000,276612000000.0,17155.2,16391.6,Decreasing,375.03,382.83,335.59,361.85,19204000.0,2315860000.0,408.9,396.1,Decreasing
170,2018-01-09,2502.87,2346.68,2391.56,1084750000.0,40770900000.0,2661.2,2533.3,Decreasing,15123.7,15497.5,14424.0,14595.4,16660000000,253935000000.0,16375.7,15414.4,Decreasing,360.25,371.85,343.2,353.23,22227900.0,2225580000.0,394.8,364.0,Decreasing
171,2018-01-10,2961.2,2332.48,2895.38,2578810000.0,40398000000.0,2529.7,2569.5,Increasing,14588.5,14973.3,13691.2,14973.3,18500800000,244981000000.0,15396.1,14912.9,Increasing,353.65,353.65,311.02,327.27,25960000.0,2185870000.0,363.0,347.4,Decreasing
172,2018-01-11,2976.49,2396.84,2462.61,1947950000.0,48880800000.0,2564.6,2583.2,Decreasing,14968.2,15018.8,13105.9,13405.8,16534100000,251387000000.0,14893.5,14324.8,Decreasing,324.83,328.61,281.29,302.19,27349500.0,2008750000.0,346.2,327.6,Decreasing
173,2018-01-12,2648.23,2413.33,2620.99,1110220000.0,41859100000.0,2585.8,2659.7,Increasing,13453.9,14229.9,13158.1,13980.6,12065700000,225986000000.0,14336.9,14119.9,Increasing,300.1,328.78,289.78,322.98,23119700.0,1862040000.0,326.2,317.5,Increasing
174,2018-01-13,2850.27,2589.03,2685.29,1218570000.0,44260300000.0,2661.7,2589.6,Increasing,13952.4,14659.5,13952.4,14360.2,12763600000,234391000000.0,14124.8,13915.5,Increasing,322.83,328.83,313.9,318.02,14232700.0,2003960000.0,315.9,314.4,Decreasing
175,2018-01-14,2746.61,2490.04,2553.32,993310000.0,45439500000.0,2593.6,2619.9,Decreasing,14370.8,14511.8,13268.0,13772.0,11084100000,241447000000.0,13925.7,14037.6,Decreasing,318.31,321.25,281.03,293.36,4351920.0,1976960000.0,313.7,311.5,Decreasing
176,2018-01-15,2576.13,2328.31,2401.54,1412360000.0,42983500000.0,2615.4,2546.7,Decreasing,13767.3,14445.5,13641.7,13819.8,12750800000,231334000000.0,14030.2,13984.0,Increasing,290.84,304.5,240.19,256.07,2261840.0,1818670000.0,310.7,289.1,Decreasing
177,2018-01-16,2406.86,1555.97,1772.07,1704030000.0,40708800000.0,2545.2,2242.3,Decreasing,13836.1,13843.1,10194.9,11490.5,18853800000,232517000000.0,13991.4,13027.4,Decreasing,255.91,331.06,19.28,19.28,5920560.0,1601140000.0,288.4,189.6,Decreasing
178,2018-01-17,1875.08,1361.02,1748.05,1457730000.0,29899500000.0,2238.7,1973.9,Decreasing,11431.1,11678.0,9402.29,11188.6,18830600000,192123000000.0,13011.5,12166.3,Decreasing,21.7,44.59,5.69,22.48,24796900.0,136694000.0,189.5,99.3,Increasing
179,2018-01-18,1893.47,1696.25,1756.75,1024060000.0,29643600000.0,1975.6,1759.0,Increasing,11198.8,12107.3,10942.5,11474.9,15020400000,188242000000.0,12155.3,11384.7,Increasing,23.84,82.43,22.79,37.68,57434000.0,187904000.0,100.5,26.5,Increasing
180,2018-01-19,1870.78,1723.87,1769.62,743247000.0,29442200000.0,1753.3,1758.1,Increasing,11429.8,11992.8,11172.1,11607.4,10740400000,192150000000.0,11353.2,11423.6,Increasing,35.68,41.94,24.56,29.11,18658000.0,327092000.0,27.1,29.8,Decreasing
181,2018-01-20,2124.45,1780.45,2032.12,1116240000.0,30191500000.0,1758.9,1852.8,Increasing,11656.2,13103.0,11656.2,12899.2,11801700000,195979000000.0,11428.3,11993.8,Increasing,29.33,30.98,21.76,21.81,7054180.0,268947000.0,29.6,29.5,Decreasing
182,2018-01-21,2033.7,1733.99,1776.64,745179000.0,34415500000.0,1852.7,1859.5,Decreasing,12889.2,12895.9,11288.2,11600.1,9935180000,216740000000.0,11991.7,12035.6,Decreasing,21.72,21.97,16.05,17.86,5865730.0,199200000.0,28.9,22.9,Decreasing
183,2018-01-22,1815.42,1525.5,1621.92,681350000.0,30370200000.0,1870.8,1810.2,Decreasing,11633.1,11966.4,10240.2,10931.4,10537400000,195645000000.0,12059.5,11810.2,Decreasing,18.08,19.2,15.64,16.76,2758110.0,165872000.0,23.0,18.8,Decreasing
184,2018-01-23,1700.34,1504.72,1621.46,578984000.0,27473700000.0,1817.1,1673.3,Decreasing,10944.5,11377.6,10129.7,10868.4,9660610000,184087000000.0,11822.3,11133.3,Decreasing,16.69,17.08,15.08,16.05,1771300.0,153213000.0,18.8,16.9,Decreasing
185,2018-01-24,1703.34,1575.42,1639.13,488161000.0,27460200000.0,1679.9,1627.5,Increasing,10903.4,11501.4,10639.8,11359.4,9940990000,183419000000.0,11160.3,11053.1,Increasing,15.94,15.94,12.5,13.26,2406960.0,146393000.0,16.9,15.4,Decreasing
186,2018-01-25,1707.7,1611.04,1642.12,522194000.0,28121300000.0,1635.4,1634.2,Decreasing,11421.7,11785.7,11057.4,11259.4,8873170000,192163000000.0,11089.9,11162.4,Decreasing,12.8,15.97,9.46,12.59,5376800.0,117579000.0,15.1,14.0,Decreasing
187,2018-01-26,1678.63,1500.37,1603.9,594667000.0,27720500000.0,1640.1,1628.4,Decreasing,11256.0,11656.7,10470.3,11171.4,9746200000,189398000000.0,11193.7,11263.4,Decreasing,12.57,12.92,10.59,11.18,1600520.0,115488000.0,13.8,12.3,Decreasing
188,2018-01-27,1665.81,1567.78,1628.63,441742000.0,27136100000.0,1633.6,1624.9,Increasing,11174.9,11614.9,10989.2,11440.7,7583270000,188054000000.0,11284.2,11290.5,Increasing,11.17,11.29,10.48,10.53,994843.0,102654000.0,12.2,11.4,Decreasing
189,2018-01-28,1762.34,1636.41,1746.25,580544000.0,27713300000.0,1625.4,1659.6,Increasing,11475.3,12040.3,11475.3,11786.3,8350360000,193133000000.0,11302.1,11466.1,Increasing,10.64,11.24,8.21,8.32,1950330.0,97814400.0,11.5,10.0,Decreasing
190,2018-01-29,1763.24,1638.33,1657.14,362213000.0,29561500000.0,1661.4,1677.3,Decreasing,11755.5,11875.6,11179.2,11296.4,7107360000,197871000000.0,11468.6,11507.8,Decreasing,8.27,8.35,7.01,7.01,1171150.0,76009800.0,10.0,8.6,Decreasing
191,2018-01-30,1662.07,1468.17,1470.55,649823000.0,28079700000.0,1679.8,1624.6,Decreasing,11306.8,11307.2,10036.2,10106.3,8637860000,190339000000.0,11512.5,11063.0,Decreasing,7.0,7.05,5.75,6.01,883703.0,64358900.0,8.6,7.1,Decreasing
192,2018-01-31,1522.87,1406.25,1486.89,729209000.0,24915700000.0,1624.6,1538.2,Increasing,10108.2,10381.6,9777.42,10221.1,8041160000,170183000000.0,11056.8,10541.3,Increasing,5.97,10.11,5.55,8.73,3657210.0,54933300.0,7.1,7.2,Increasing
193,2018-02-01,1503.3,1214.88,1274.35,678020000.0,25263200000.0,1539.9,1410.6,Decreasing,10237.3,10288.8,8812.28,9170.54,9959400000,172372000000.0,10550.8,9832.6,Decreasing,8.59,13.14,8.51,8.89,5672460.0,79051200.0,7.2,7.9,Increasing
194,2018-02-02,1272.5,980.78,1191.14,896666000.0,21561700000.0,1411.5,1317.5,Decreasing,9142.28,9142.28,7796.49,8830.75,12726900000,153953000000.0,9829.3,9407.5,Decreasing,8.91,8.93,5.55,6.69,692302.0,81947000.0,7.8,8.1,Decreasing
195,2018-02-03,1314.43,1072.83,1272.5,453101000.0,20237400000.0,1319.3,1246.0,Increasing,8852.12,9430.75,8251.63,9174.91,7263790000,149085000000.0,9410.6,9058.7,Increasing,6.7,6.91,6.0,6.51,317398.0,61616000.0,8.1,7.4,Decreasing
196,2018-02-04,1286.98,1101.31,1165.38,656034000.0,21577500000.0,1246.6,1209.7,Decreasing,9175.7,9334.87,8031.22,8277.01,7073550000,154553000000.0,9056.7,8760.9,Decreasing,6.55,6.63,5.26,5.54,309371.0,60272400.0,7.4,6.2,Decreasing
197,2018-02-05,1172.7,839.95,887.41,568117000.0,19659800000.0,1209.1,1108.4,Decreasing,8270.54,8364.84,6756.68,6955.27,9285290000,139325000000.0,8766.1,8135.7,Decreasing,5.49,5.64,4.18,4.29,194631.0,50518800.0,6.2,5.4,Decreasing
198,2018-02-06,978.91,764.02,974.52,777420000.0,15103100000.0,1108.0,1009.1,Increasing,7051.75,7850.7,6048.26,7754.0,13999800000,118810000000.0,8166.0,7662.1,Increasing,4.31,5.59,3.72,5.58,302712.0,39655600.0,5.4,5.1,Increasing
199,2018-02-07,1040.49,902.49,957.96,866222000.0,16462900000.0,1007.3,940.0,Decreasing,7755.49,8509.11,7236.79,7621.3,9169280000,130683000000.0,7692.6,7443.5,Decreasing,5.54,5.54,2.14,2.46,792071.0,51017500.0,5.1,4.1,Decreasing
200,2018-02-08,1345.2,951.57,1284.56,2203710000.0,16133900000.0,937.9,1072.3,Increasing,7637.86,8558.77,7637.86,8265.59,9346750000,128714000000.0,7481.7,7880.3,Increasing,2.42,2.81,2.26,2.34,211125.0,22272200.0,4.1,3.5,Decreasing
201,2018-02-09,1342.41,1206.39,1312.11,1133760000.0,21601200000.0,1065.5,1184.9,Increasing,8271.84,8736.98,7884.71,8736.98,6784820000,139412000000.0,7888.4,8208.0,Increasing,2.34,2.35,2.09,2.19,168616.0,21567800.0,3.4,2.3,Decreasing
202,2018-02-10,1394.81,1215.72,1257.31,734606000.0,22249700000.0,1179.1,1284.7,Decreasing,8720.08,9122.55,8295.47,8621.9,7780960000,146981000000.0,8209.9,8541.5,Decreasing,2.19,2.64,2.19,2.39,152689.0,20226800.0,2.3,2.3,Increasing
203,2018-02-11,1306.2,1197.87,1217.64,651555000.0,21295600000.0,1280.5,1262.4,Decreasing,8616.13,8616.13,7931.1,8129.97,6122190000,145245000000.0,8536.0,8496.3,Decreasing,2.35,2.39,2.12,2.25,76175.0,21665700.0,2.3,2.3,Decreasing
204,2018-02-12,1302.66,1222.43,1283.91,466213000.0,20735400000.0,1263.3,1253.0,Increasing,8141.43,8985.92,8141.43,8926.57,6256440000,137258000000.0,8492.5,8559.5,Increasing,2.24,3.12,2.23,3.01,198019.0,20673000.0,2.3,2.5,Increasing
205,2018-02-13,1289.42,1205.73,1231.98,442663000.0,21803000000.0,1254.4,1244.5,Decreasing,8926.72,8958.47,8455.41,8598.31,5696720000,150516000000.0,8561.4,8551.6,Decreasing,3.0,3.19,2.83,3.03,111873.0,27695200.0,2.5,2.8,Increasing
206,2018-02-14,1384.06,1229.18,1362.27,629852000.0,20854300000.0,1245.6,1292.7,Increasing,8599.92,9518.54,8599.92,9494.63,7909820000,145023000000.0,8556.0,9006.5,Increasing,3.05,5.52,3.05,3.73,385193.0,28162900.0,2.8,3.3,Increasing
207,2018-02-15,1400.71,1330.18,1375.81,502454000.0,23053300000.0,1291.0,1323.4,Increasing,9488.32,10234.8,9395.58,10166.4,9062540000,160025000000.0,9005.0,9419.8,Increasing,3.86,4.3,3.7,4.04,157578.0,35618900.0,3.3,3.6,Increasing
208,2018-02-16,1558.66,1369.68,1552.2,961010000.0,23302000000.0,1320.3,1430.1,Increasing,10135.7,10324.1,9824.82,10233.9,7296160000,170960000000.0,9408.0,9965.0,Increasing,4.06,4.19,3.87,4.13,149639.0,37459600.0,3.7,4.0,Increasing
209,2018-02-17,1568.64,1517.14,1551.39,641719000.0,26280100000.0,1426.8,1493.1,Increasing,10207.5,11139.5,10149.4,11112.7,8660880000,172191000000.0,9943.8,10504.3,Increasing,4.08,4.38,4.01,4.31,185105.0,37708600.0,4.0,4.2,Increasing
210,2018-02-18,1641.4,1428.49,1487.46,907873000.0,26344200000.0,1491.2,1530.3,Decreasing,11123.4,11349.8,10326.0,10551.8,8744010000,187663000000.0,10488.9,10632.8,Decreasing,4.34,4.34,3.66,3.7,150823.0,40037400.0,4.2,4.0,Decreasing
211,2018-02-19,1553.81,1483.34,1534.77,578906000.0,25179700000.0,1528.0,1524.5,Increasing,10552.6,11273.8,10513.2,11225.3,7652090000,178055000000.0,10627.8,10963.3,Increasing,3.69,4.15,3.62,3.95,108297.0,34058900.0,4.0,4.0,Increasing
212,2018-02-20,1569.03,1414.35,1418.73,820947000.0,26199800000.0,1526.2,1480.3,Decreasing,11231.8,11958.5,11231.8,11403.7,9926540000,189536000000.0,10969.3,11060.3,Increasing,3.97,4.16,3.44,3.52,157912.0,36680600.0,4.0,3.7,Decreasing
213,2017-02-21,,,,,,,,,1079.28,1117.25,1076.93,1115.3,186869000,17456900000.0,0.0,0.0,Increasing,0.7435689999999999,0.7886810000000001,0.742046,0.7654880000000001,46477.0,3968830.0,0.0,0.0,Increasing
214,2017-02-22,,,,,,,,,1114.8,1125.39,1100.55,1117.44,136100000,18033400000.0,0.0,0.0,Increasing,0.765145,0.800321,0.663462,0.751017,102991.0,4088710.0,0.0,0.0,Decreasing
215,2017-02-23,,,,,,,,,1117.27,1176.62,1116.96,1166.72,189454000,18075200000.0,1103.8,1133.2,Increasing,0.750903,0.8006260000000001,0.697684,0.716413,104601.0,4018590.0,0.8,0.7,Decreasing
216,2017-02-24,,,,,,,,,1172.71,1200.39,1131.96,1173.68,330759000,18974400000.0,1134.9,1152.6,Increasing,0.720091,0.8337969999999999,0.7101270000000001,0.800726,80798.0,3858450.0,0.7,0.8,Increasing
217,2017-02-25,,,,,,,,,1170.41,1174.85,1124.59,1143.84,139961000,18939500000.0,1153.5,1161.4,Decreasing,0.798545,0.821233,0.764979,0.779878,96943.0,4283810.0,0.8,0.8,Decreasing
218,2017-02-26,,,,,,,,,1144.27,1167.47,1130.2,1165.2,116486000,18518900000.0,1162.5,1160.9,Increasing,0.7801710000000001,0.814878,0.7696029999999999,0.799392,75564.0,4190100.0,0.8,0.8,Increasing
219,2017-02-27,,,,,,,,,1163.78,1181.98,1163.38,1179.97,131570000,18837300000.0,1159.5,1163.0,Increasing,0.798417,0.8193239999999999,0.798143,0.804716,71439.0,4292460.0,0.8,0.8,Increasing
220,2017-02-28,,,,,,,,,1180.72,1193.25,1171.82,1179.97,184956000,19113600000.0,1162.9,1175.0,Decreasing,0.805227,0.8315379999999999,0.797892,0.803977,107824.0,4333750.0,0.8,0.8,Decreasing
221,2017-03-01,,,,,,,,,1180.04,1222.5,1179.69,1222.5,229057000,19104800000.0,1174.8,1194.1,Increasing,0.804026,0.847651,0.803913,0.8419620000000001,94260.0,4332560.0,0.8,0.8,Increasing
222,2017-03-02,,,,,,,,,1224.68,1262.13,1215.62,1251.01,368275000,19829800000.0,1195.1,1217.8,Increasing,0.843463,0.8675299999999999,0.833101,0.84983,112199.0,4549750.0,0.8,0.8,Increasing
223,2017-03-03,,,,,,,,,1250.71,1280.31,1250.71,1274.99,315739000,20253700000.0,1218.5,1249.5,Increasing,0.849622,0.897957,0.849622,0.874886,133898.0,4588430.0,0.8,0.9,Increasing
224,2017-03-04,,,,,,,,,1277.43,1279.4,1230.51,1255.15,183270000,20688800000.0,1250.9,1260.4,Decreasing,0.87656,0.901431,0.848197,0.861036,118768.0,4741050.0,0.9,0.9,Decreasing
225,2017-03-05,,,,,,,,,1254.29,1267.29,1238.06,1267.12,134127000,20316000000.0,1260.8,1265.8,Increasing,0.8604459999999999,0.890336,0.8543219999999999,0.87769,99353.0,4658870.0,0.9,0.9,Increasing
226,2017-03-06,,,,,,,,,1267.47,1276.0,1264.6,1272.83,153657000,20531900000.0,1266.4,1265.0,Increasing,0.8779319999999999,0.9483889999999999,0.877303,0.929657,144511.0,4758800.0,0.9,0.9,Increasing
227,2017-03-07,,,,,,,,,1273.21,1275.55,1204.8,1223.54,291256000,20627100000.0,1265.0,1254.5,Decreasing,0.9299280000000001,0.965031,0.9025989999999999,0.9285559999999999,112631.0,5046350.0,0.9,0.9,Decreasing
228,2017-03-08,,,,,,,,,1223.23,1232.16,1148.08,1150.0,332603000,19819800000.0,1254.6,1215.5,Decreasing,0.9283239999999999,2.29,0.892919,0.910482,80489.0,5043800.0,0.9,0.9,Decreasing
229,2017-03-09,,,,,,,,,1150.35,1197.46,1141.23,1188.49,212283000,18640900000.0,1215.6,1187.3,Increasing,0.910759,6.9,0.9047850000000001,1.57,391543.0,4953980.0,0.9,1.1,Increasing
230,2017-03-10,,,,,,,,,1189.36,1270.47,1077.25,1116.72,563796000,19275300000.0,1187.6,1151.7,Decreasing,1.57,1.96,1.57,1.65,231193.0,8538000.0,1.1,1.4,Increasing
231,2017-03-11,,,,,,,,,1116.32,1193.83,1116.32,1175.83,283320000,18093700000.0,1152.0,1160.3,Increasing,1.65,2.04,1.65,1.88,329288.0,8976540.0,1.4,1.7,Increasing
232,2017-03-12,,,,,,,,,1176.62,1226.98,1175.36,1221.38,227176000,19073300000.0,1160.8,1171.3,Increasing,1.88,2.0,1.66,1.73,209145.0,10574100.0,1.7,1.8,Decreasing
233,2017-03-13,,,,,,,,,1221.78,1237.37,1217.03,1231.92,380277000,19807700000.0,1171.6,1209.7,Increasing,1.74,1.99,1.72,1.86,207174.0,9805420.0,1.8,1.8,Increasing
234,2017-03-14,,,,,,,,,1232.16,1244.81,1220.72,1240.0,245306000,19978200000.0,1210.2,1231.1,Increasing,1.86,1.97,1.86,1.89,197787.0,10499500.0,1.8,1.8,Increasing
235,2017-03-15,,,,,,,,,1240.16,1251.61,1239.75,1249.61,297805000,20110400000.0,1231.4,1240.5,Increasing,1.89,1.98,1.86,1.89,296537.0,10676500.0,1.8,1.9,Increasing
236,2017-03-16,,,,,,,,,1251.33,1257.98,1152.44,1187.81,638568000,20293700000.0,1241.2,1225.8,Decreasing,1.89,1.94,1.76,1.84,231056.0,10683100.0,1.9,1.9,Decreasing
237,2017-03-17,,,,,,,,,1180.16,1180.16,1099.57,1100.23,706599000,19141800000.0,1223.9,1179.2,Decreasing,1.83,1.9,1.73,1.73,239185.0,10355500.0,1.9,1.8,Decreasing
238,2017-03-18,,,,,,,,,1099.69,1114.07,957.65,973.82,621302000,17838700000.0,1177.1,1087.3,Decreasing,1.73,1.77,1.54,1.6,233726.0,9815210.0,1.8,1.7,Decreasing
239,2017-03-19,,,,,,,,,976.73,1069.91,976.73,1036.74,406648000,15846000000.0,1085.5,1036.9,Increasing,1.61,1.79,1.59,1.74,200786.0,9129360.0,1.7,1.7,Increasing
240,2017-03-20,,,,,,,,,1037.24,1063.03,1036.68,1054.23,286530000,16829800000.0,1037.9,1021.6,Increasing,1.74,1.8,1.7,1.79,261732.0,9891750.0,1.7,1.7,Increasing
241,2017-03-21,,,,,,,,,1055.36,1122.43,1055.36,1120.54,337391000,17125600000.0,1023.1,1070.5,Increasing,1.79,1.95,1.77,1.89,248776.0,10195800.0,1.7,1.8,Increasing
242,2017-03-22,,,,,,,,,1120.65,1120.65,1014.21,1049.14,380841000,18187100000.0,1071.1,1074.6,Decreasing,1.89,1.94,1.77,1.83,162423.0,10741700.0,1.8,1.8,Decreasing
243,2017-03-23,,,,,,,,,1050.05,1058.01,1028.93,1038.59,248540000,17043400000.0,1075.4,1069.4,Decreasing,1.83,2.08,1.78,2.02,244700.0,10431300.0,1.8,1.9,Increasing
244,2017-03-24,,,,,,,,,1038.45,1040.47,934.36,937.52,491038000,16857000000.0,1069.7,1008.4,Decreasing,2.02,3.91,2.01,3.32,347994.0,11530000.0,1.9,2.4,Increasing
245,2017-03-25,,,,,,,,,936.54,975.76,903.71,972.78,435803000,15204800000.0,1008.3,983.0,Increasing,2.7,4.42,2.34,3.04,377669.0,15418900.0,2.2,2.8,Increasing
246,2017-03-26,,,,,,,,,974.01,1007.96,954.19,966.73,303668000,15814800000.0,983.0,959.0,Decreasing,3.05,3.15,2.9,2.97,165270.0,17464100.0,2.6,3.1,Decreasing
247,2017-03-27,,,,,,,,,972.05,1046.4,971.98,1045.77,372535000,15785000000.0,960.9,995.1,Increasing,2.99,3.29,2.93,3.25,303282.0,17109800.0,2.9,3.1,Increasing
248,2017-03-28,,,,,,,,,1044.58,1064.65,1027.73,1047.15,326332000,16964500000.0,996.9,1019.9,Increasing,3.25,3.4,3.23,3.34,340582.0,18635300.0,3.1,3.2,Increasing
249,2017-03-29,,,,,,,,,1046.08,1055.13,1015.88,1039.97,298458000,16990900000.0,1020.9,1044.3,Decreasing,3.34,3.44,3.25,3.4,250322.0,19176200.0,3.2,3.3,Increasing
250,2017-03-30,,,,,,,,,1042.21,1049.29,1020.04,1026.43,352969000,16929800000.0,1044.3,1037.8,Decreasing,3.41,3.43,3.3,3.35,313656.0,19700100.0,3.3,3.4,Decreasing
251,2017-03-31,,,,,,,,,1026.64,1074.92,1026.64,1071.79,447287000,16679000000.0,1038.3,1046.1,Increasing,3.35,3.59,3.34,3.49,277557.0,19395400.0,3.4,3.4,Increasing
252,2017-04-01,,,,,,,,,1071.71,1091.72,1061.09,1080.5,289634000,17413000000.0,1046.9,1059.6,Increasing,3.53,4.04,3.49,4.01,432916.0,20858600.0,3.4,3.6,Increasing
253,2017-04-02,,,,,,,,,1080.61,1107.59,1075.45,1102.17,514187000,17559400000.0,1059.7,1084.8,Increasing,4.02,4.23,3.88,3.91,149998.0,23780900.0,3.6,3.8,Decreasing
254,2017-04-03,,,,,,,,,1102.95,1151.74,1102.95,1143.81,580444000,17924600000.0,1085.1,1108.8,Increasing,3.91,4.66,3.91,4.42,414450.0,23190700.0,3.8,4.1,Increasing
255,2017-04-04,,,,,,,,,1145.52,1156.44,1120.52,1133.25,436310000,18619000000.0,1109.7,1126.4,Decreasing,4.49,4.85,4.43,4.76,398884.0,26668800.0,4.1,4.4,Increasing
256,2017-04-05,,,,,,,,,1134.14,1135.09,1113.63,1124.78,414784000,18435700000.0,1127.5,1133.9,Decreasing,4.77,4.81,4.66,4.79,355818.0,28317800.0,4.4,4.7,Increasing
257,2017-04-06,,,,,,,,,1125.81,1188.37,1125.81,1182.68,511222000,18302600000.0,1135.2,1146.9,Increasing,4.8,5.22,4.8,5.2,499333.0,28510400.0,4.7,4.9,Increasing
258,2017-04-07,,,,,,,,,1178.94,1186.58,1163.39,1176.9,317022000,19168500000.0,1146.3,1161.5,Decreasing,5.17,5.51,5.02,5.45,614199.0,30770800.0,4.9,5.1,Increasing
259,2017-04-08,,,,,,,,,1172.65,1184.98,1162.58,1175.95,209312000,19068600000.0,1159.1,1178.5,Increasing,5.43,5.8,5.36,5.73,458324.0,32329000.0,5.1,5.5,Increasing
260,2017-04-09,,,,,,,,,1176.57,1197.21,1171.86,1187.87,242343000,19134400000.0,1176.1,1180.2,Increasing,5.73,6.2,5.73,5.92,470292.0,34156000.0,5.4,5.7,Increasing
261,2017-04-10,,,,,,,,,1187.3,1190.34,1179.04,1187.13,215883000,19311200000.0,1178.8,1183.6,Decreasing,5.91,6.16,5.48,6.12,595244.0,35273600.0,5.7,5.9,Increasing
262,2017-04-11,,,,,,,,,1187.46,1208.07,1187.46,1205.01,216182000,19316000000.0,1183.8,1193.3,Increasing,6.13,8.5,6.13,8.41,771597.0,36618600.0,5.9,6.8,Increasing
263,2017-04-12,,,,,,,,,1204.81,1207.14,1196.76,1200.37,288702000,19600800000.0,1193.2,1197.5,Decreasing,8.39,10.57,8.37,10.55,902695.0,50133900.0,6.8,8.4,Increasing
264,2017-04-13,,,,,,,,,1201.02,1205.89,1156.44,1169.28,351969000,19541300000.0,1197.8,1191.6,Decreasing,10.62,17.63,10.62,11.95,1951160.0,63522800.0,8.4,10.3,Increasing
265,2017-04-14,,,,,,,,,1170.33,1190.8,1159.79,1167.54,254827000,19043800000.0,1192.1,1179.1,Decreasing,12.05,12.69,8.27,9.69,201720.0,72172000.0,10.4,10.7,Decreasing
266,2017-04-15,,,,,,,,,1167.3,1188.0,1164.96,1172.52,203559000,18996500000.0,1179.6,1169.8,Increasing,9.8,11.45,9.08,10.8,1077470.0,58750800.0,10.8,10.8,Increasing
267,2017-04-16,,,,,,,,,1172.61,1187.22,1172.61,1182.94,183231000,19085100000.0,1170.1,1174.3,Increasing,10.78,10.84,8.5,9.7,737619.0,65626200.0,10.9,10.1,Decreasing
268,2017-04-17,,,,,,,,,1183.25,1194.9,1172.65,1193.91,253206000,19260500000.0,1174.4,1183.1,Increasing,9.7,9.78,7.59,8.74,801362.0,59082700.0,10.1,9.7,Decreasing
269,2017-04-18,,,,,,,,,1193.77,1217.57,1193.77,1211.67,270524000,19433800000.0,1183.2,1196.2,Increasing,8.74,10.38,8.74,9.74,1048750.0,53297500.0,9.7,9.4,Increasing
270,2017-04-19,,,,,,,,,1212.13,1215.51,1205.08,1210.29,288061000,19734800000.0,1196.4,1205.3,Decreasing,9.89,10.66,9.89,10.18,495149.0,60314300.0,9.4,9.6,Increasing
271,2017-04-20,,,,,,,,,1211.08,1240.79,1208.41,1229.08,315108000,19719900000.0,1205.7,1217.0,Increasing,10.19,10.39,9.7,10.05,388381.0,62223000.0,9.6,10.0,Decreasing
272,2017-04-21,,,,,,,,,1229.42,1235.94,1215.56,1222.05,272167000,20020700000.0,1217.5,1220.5,Decreasing,10.06,10.08,9.5,9.87,474630.0,61440400.0,10.0,10.0,Decreasing
273,2017-04-22,,,,,,,,,1222.71,1235.56,1208.47,1231.71,249320000,19913900000.0,1221.1,1227.6,Increasing,9.87,10.16,9.78,10.07,442488.0,60365000.0,10.0,10.0,Increasing
274,2017-04-23,,,,,,,,,1231.92,1232.2,1203.94,1207.21,258951000,20066200000.0,1228.0,1220.3,Decreasing,10.07,10.07,9.64,9.74,294309.0,61638000.0,10.0,9.9,Decreasing
275,2017-04-24,,,,,,,,,1209.63,1250.94,1209.63,1250.15,235806000,19705400000.0,1221.4,1229.7,Increasing,9.77,9.97,9.63,9.78,581280.0,59861300.0,9.9,9.9,Increasing
276,2017-04-25,,,,,,,,,1250.45,1267.58,1249.97,1265.49,242556000,20372300000.0,1230.7,1240.9,Increasing,9.77,9.99,9.14,9.25,615853.0,59895000.0,9.9,9.6,Decreasing
277,2017-04-26,,,,,,,,,1265.99,1294.83,1265.93,1281.08,329631000,20627900000.0,1242.0,1265.6,Increasing,9.25,9.35,7.92,8.01,862259.0,56757800.0,9.6,9.0,Decreasing
278,2017-04-27,,,,,,,,,1281.88,1319.7,1281.3,1317.73,449197000,20889200000.0,1266.1,1288.1,Increasing,8.01,9.62,6.86,8.45,715582.0,49191200.0,9.0,8.6,Increasing
279,2017-04-28,,,,,,,,,1317.74,1331.28,1292.37,1316.48,527489000,21476000000.0,1288.5,1305.1,Decreasing,8.45,9.17,8.45,9.14,433870.0,51889500.0,8.6,8.5,Increasing
280,2017-04-29,,,,,,,,,1317.84,1327.2,1315.21,1321.79,422706000,21479800000.0,1305.8,1318.7,Increasing,9.15,9.15,8.91,8.97,557753.0,56271900.0,8.5,8.9,Decreasing
281,2017-04-30,,,,,,,,,1321.87,1347.91,1314.92,1347.89,413115000,21548400000.0,1319.1,1328.7,Increasing,8.95,9.02,8.74,8.88,391218.0,55090300.0,8.8,9.0,Decreasing
282,2017-05-01,,,,,,,,,1348.3,1434.32,1348.3,1421.6,713624000,21981800000.0,1329.3,1363.8,Increasing,8.89,9.22,8.19,8.19,483599.0,54709600.0,9.0,8.7,Decreasing
283,2017-05-02,,,,,,,,,1421.03,1473.9,1415.69,1452.82,477338000,23170200000.0,1363.7,1407.4,Increasing,7.96,9.0,7.69,7.88,578471.0,49072400.0,8.6,8.3,Decreasing
284,2017-05-03,,,,,,,,,1453.78,1492.77,1447.49,1490.09,583796000,23707100000.0,1407.7,1454.8,Increasing,7.89,8.0,7.58,7.61,716542.0,48652600.0,8.2,7.9,Decreasing
285,2017-05-04,,,,,,,,,1490.72,1608.91,1490.72,1537.67,933549000,24311900000.0,1455.2,1493.5,Increasing,7.55,7.71,6.65,7.0,556024.0,46609100.0,7.8,7.5,Decreasing
286,2017-05-05,,,,,,,,,1540.87,1618.03,1530.31,1555.45,946036000,25133100000.0,1495.1,1527.7,Increasing,6.99,7.27,5.78,5.78,566343.0,43198800.0,7.5,6.8,Decreasing
287,2017-05-06,,,,,,,,,1556.81,1578.8,1542.5,1578.8,582530000,25395600000.0,1529.5,1557.3,Increasing,5.84,8.42,5.65,8.22,875112.0,36310900.0,6.8,7.0,Increasing
288,2017-05-07,,,,,,,,,1579.47,1596.72,1559.76,1596.71,1080030000,25768500000.0,1559.1,1577.0,Increasing,8.22,8.39,7.48,7.95,266678.0,51681300.0,7.0,7.3,Decreasing
289,2017-05-08,,,,,,,,,1596.92,1723.35,1596.92,1723.35,1340320000,26056500000.0,1577.7,1633.0,Increasing,7.95,8.3,7.62,8.01,808585.0,50377900.0,7.3,8.1,Increasing
290,2017-05-09,,,,,,,,,1723.89,1833.49,1716.3,1755.36,1167920000,28132200000.0,1633.4,1691.8,Increasing,8.02,8.33,7.61,7.93,704454.0,50921800.0,8.1,8.0,Decreasing
291,2017-05-10,,,,,,,,,1756.52,1788.44,1719.1,1787.13,915723000,28668100000.0,1692.4,1755.3,Increasing,7.93,8.01,7.3,7.69,499177.0,50406400.0,8.0,7.9,Decreasing
292,2017-05-11,,,,,,,,,1780.37,1873.93,1755.35,1848.57,799490000,29060600000.0,1753.6,1797.0,Increasing,7.71,8.03,7.17,7.7,407025.0,49044900.0,7.9,7.8,Decreasing
293,2017-05-12,,,,,,,,,1845.76,1856.15,1694.01,1724.24,740984000,30131100000.0,1794.2,1786.6,Decreasing,7.71,8.04,7.29,7.41,448407.0,49032700.0,7.8,7.6,Decreasing
294,2017-05-13,,,,,,,,,1723.12,1812.99,1651.08,1804.91,579635000,28132300000.0,1783.1,1792.6,Increasing,7.39,8.45,7.03,8.45,480450.0,47075500.0,7.6,7.9,Increasing
295,2017-05-14,,,,,,,,,1800.86,1831.42,1776.62,1808.91,437196000,29405100000.0,1789.9,1779.4,Increasing,8.49,8.88,8.15,8.79,397657.0,54087400.0,7.9,8.2,Increasing
296,2017-05-15,,,,,,,,,1808.44,1812.8,1708.54,1738.43,731529000,29532600000.0,1777.5,1784.1,Decreasing,8.95,9.26,8.51,9.1,496905.0,57036400.0,8.3,8.8,Increasing
297,2017-05-16,,,,,,,,,1741.7,1785.94,1686.54,1734.45,959045000,28446300000.0,1783.7,1760.6,Decreasing,9.2,10.08,8.95,9.81,765059.0,58670700.0,8.9,9.2,Increasing
298,2017-05-17,,,,,,,,,1726.73,1864.05,1661.91,1839.09,1064730000,28204800000.0,1759.0,1770.7,Increasing,9.8,10.35,9.61,10.11,783389.0,62539500.0,9.3,9.7,Increasing
299,2017-05-18,,,,,,,,,1818.7,1904.48,1807.12,1888.65,894321000,29710500000.0,1762.4,1820.7,Increasing,10.04,10.87,10.02,10.72,819691.0,64102400.0,9.7,10.2,Increasing
300,2017-05-19,,,,,,,,,1897.37,2004.52,1890.25,1987.71,1157290000,30999000000.0,1814.3,1905.2,Increasing,10.73,11.37,10.72,11.22,670821.0,68513600.0,10.2,10.7,Increasing
301,2017-05-20,,,,,,,,,1984.24,2084.73,1974.92,2084.73,961336000,32422400000.0,1900.1,1987.0,Increasing,11.23,12.38,11.23,12.35,653438.0,71772600.0,10.7,11.4,Increasing
302,2017-05-21,,,,,,,,,2067.03,2119.08,2037.5,2041.2,1147860000,33779400000.0,1982.9,2037.9,Decreasing,12.34,12.93,12.2,12.52,545026.0,78880200.0,11.4,12.0,Increasing
303,2017-05-22,,,,,,,,,2043.19,2303.9,2017.87,2173.4,1942220000,33393600000.0,2031.5,2099.8,Increasing,12.6,13.32,11.75,12.28,834180.0,80620000.0,12.1,12.4,Decreasing
304,2017-05-23,,,,,,,,,2191.56,2320.82,2178.5,2320.42,1378750000,35822600000.0,2100.6,2178.3,Increasing,12.26,13.34,12.22,13.19,662390.0,78464700.0,12.4,12.7,Increasing
305,2017-05-24,,,,,,,,,2321.37,2523.72,2321.37,2443.64,1725380000,37949200000.0,2185.4,2312.5,Increasing,13.21,14.35,13.12,13.6,1025590.0,84554600.0,12.7,13.0,Increasing
306,2017-05-25,,,,,,,,,2446.24,2763.71,2285.3,2304.98,2406700000,39995400000.0,2319.7,2356.3,Decreasing,13.57,23.37,11.98,15.67,6153930.0,86953600.0,13.0,14.2,Increasing
307,2017-05-26,,,,,,,,,2320.89,2573.79,2071.99,2202.42,1763480000,37950600000.0,2362.8,2317.0,Decreasing,15.56,17.57,14.07,15.26,591390.0,99749800.0,14.1,14.8,Decreasing
308,2017-05-27,,,,,,,,,2196.27,2260.2,1855.83,2038.87,1700480000,35917100000.0,2321.1,2182.1,Decreasing,15.31,16.36,13.47,14.63,551952.0,98179600.0,14.8,15.2,Decreasing
309,2017-05-28,,,,,,,,,2054.08,2267.34,2054.08,2155.8,1147140000,33595900000.0,2190.4,2132.4,Increasing,14.86,16.68,14.71,15.99,405591.0,95355900.0,15.2,15.3,Increasing
310,2017-05-29,,,,,,,,,2159.43,2307.05,2107.17,2255.61,994625000,35323500000.0,2136.6,2150.1,Increasing,15.96,17.51,15.54,17.2,825630.0,102399000.0,15.4,15.9,Increasing
311,2017-05-30,,,,,,,,,2255.36,2301.96,2124.57,2175.47,1443970000,36897000000.0,2156.3,2195.6,Decreasing,17.22,17.79,16.59,16.92,801777.0,110582000.0,16.0,16.7,Decreasing
312,2017-05-31,,,,,,,,,2187.19,2311.08,2145.57,2286.41,1544830000,35786700000.0,2200.7,2239.2,Increasing,17.0,18.97,17.0,18.9,1228390.0,109246000.0,16.7,17.7,Increasing
313,2017-06-01,,,,,,,,,2288.33,2448.39,2288.33,2407.88,1653180000,37446200000.0,2243.6,2289.9,Increasing,18.93,22.95,18.93,22.18,2466910.0,121713000.0,17.7,19.3,Increasing
314,2017-06-02,,,,,,,,,2404.03,2488.55,2373.32,2488.55,1317030000,39344600000.0,2293.2,2394.3,Increasing,22.19,24.19,21.99,24.19,1512120.0,142856000.0,19.4,21.8,Increasing
315,2017-06-03,,,,,,,,,2493.72,2581.91,2423.57,2515.35,1514950000,40817100000.0,2395.4,2470.6,Increasing,24.03,25.66,23.84,25.59,2741120.0,154747000.0,21.7,24.0,Increasing
316,2017-06-04,,,,,,,,,2547.79,2585.89,2452.54,2511.81,1355120000,41708200000.0,2481.8,2505.2,Decreasing,25.53,25.8,24.94,25.55,1719260.0,164484000.0,23.9,25.1,Increasing
317,2017-06-05,,,,,,,,,2512.4,2686.81,2510.22,2686.81,1369310000,41133900000.0,2518.0,2571.3,Increasing,25.55,32.86,25.55,32.14,2170880.0,164708000.0,25.0,27.8,Increasing
318,2017-06-06,,,,,,,,,2690.84,2999.91,2690.84,2863.2,2089610000,44061000000.0,2583.7,2687.3,Increasing,32.24,39.78,32.24,37.99,2430580.0,207988000.0,27.8,31.9,Increasing
319,2017-06-07,,,,,,,,,2869.38,2869.38,2700.56,2732.16,1517710000,46989800000.0,2690.9,2760.7,Decreasing,38.0,38.39,35.2,35.93,3101570.0,245393000.0,31.9,35.4,Decreasing
320,2017-06-08,,,,,,,,,2720.49,2815.3,2670.95,2805.62,1281170000,44557100000.0,2760.2,2800.3,Increasing,36.18,41.43,35.42,41.43,2176920.0,233903000.0,35.5,38.4,Increasing
321,2017-06-09,,,,,,,,,2807.44,2901.71,2795.62,2823.81,1348950000,45987100000.0,2799.1,2787.2,Increasing,41.33,50.4,41.25,49.97,2787430.0,268196000.0,38.5,42.4,Increasing
322,2017-06-10,,,,,,,,,2828.14,2950.99,2746.55,2947.71,2018890000,46331400000.0,2785.4,2859.0,Increasing,50.04,59.6,42.61,54.04,3783760.0,326419000.0,42.5,48.5,Increasing
323,2017-06-11,,,,,,,,,2942.41,2996.6,2840.53,2958.11,1752400000,48208700000.0,2859.3,2909.9,Increasing,54.11,57.52,50.63,53.0,1762110.0,361918000.0,48.5,52.3,Decreasing
324,2017-06-12,,,,,,,,,2953.22,2997.26,2518.56,2659.63,2569530000,48391200000.0,2907.9,2855.2,Decreasing,53.42,53.42,41.72,45.68,2295830.0,357687000.0,52.5,50.9,Decreasing
325,2017-06-13,,,,,,,,,2680.91,2789.04,2650.38,2717.02,1781200000,43934100000.0,2858.8,2778.3,Increasing,45.91,50.87,45.91,50.87,1609630.0,307656000.0,51.1,49.8,Increasing
326,2017-06-14,,,,,,,,,2716.88,2786.83,2412.94,2506.37,1696560000,44528300000.0,2783.7,2627.7,Decreasing,50.89,53.96,46.35,47.83,1804340.0,341224000.0,50.1,48.1,Decreasing
327,2017-06-15,,,,,,,,,2499.58,2534.71,2212.96,2464.58,2026260000,40971300000.0,2632.5,2562.7,Decreasing,48.01,50.28,43.45,49.18,1655390.0,322219000.0,48.3,49.3,Increasing
328,2017-06-16,,,,,,,,,2469.57,2539.92,2385.15,2518.56,1195190000,40484100000.0,2562.0,2496.5,Increasing,49.16,51.44,46.92,50.94,1359210.0,330219000.0,49.4,49.3,Increasing
329,2017-06-17,,,,,,,,,2514.01,2685.19,2484.96,2655.88,1534510000,41217200000.0,2494.4,2546.3,Increasing,50.69,51.19,50.27,51.03,1436890.0,340842000.0,49.3,50.4,Increasing
330,2017-06-18,,,,,,,,,2655.35,2662.1,2516.33,2548.29,1178660000,43539300000.0,2546.3,2574.2,Decreasing,51.02,51.62,50.5,50.9,1066710.0,343305000.0,50.3,51.0,Decreasing
331,2017-06-19,,,,,,,,,2549.03,2662.85,2549.03,2589.6,1446840000,41800600000.0,2572.8,2597.9,Increasing,50.96,51.66,50.9,51.38,1827540.0,343207000.0,50.9,51.1,Increasing
332,2017-06-20,,,,,,,,,2591.26,2763.45,2589.82,2721.79,1854190000,42498000000.0,2598.5,2619.9,Increasing,51.36,52.76,51.08,52.42,1991020.0,346100000.0,51.1,51.6,Increasing
333,2017-06-21,,,,,,,,,2709.43,2772.01,2660.4,2689.1,1626580000,44440800000.0,2616.6,2666.8,Decreasing,52.41,52.67,48.98,51.27,1981900.0,353405000.0,51.6,51.7,Decreasing
334,2017-06-22,,,,,,,,,2691.03,2723.74,2642.36,2705.41,1097940000,44143700000.0,2663.9,2705.4,Increasing,51.25,52.3,50.28,52.3,2264670.0,345886000.0,51.7,52.0,Increasing
335,2017-06-23,,,,,,,,,2707.34,2765.17,2706.37,2744.91,961319000,44415900000.0,2702.6,2713.1,Increasing,52.31,56.73,51.25,55.67,2353480.0,353360000.0,52.0,53.1,Increasing
336,2017-06-24,,,,,,,,,2738.52,2757.94,2583.19,2608.72,982750000,44932900000.0,2712.3,2686.3,Decreasing,55.65,56.4,51.81,52.87,2270790.0,376295000.0,53.1,53.6,Decreasing
337,2017-06-25,,,,,,,,,2607.25,2682.26,2552.12,2589.41,1161100000,42783800000.0,2684.4,2647.7,Decreasing,52.76,54.14,50.46,51.16,2464490.0,357030000.0,53.6,53.2,Decreasing
338,2017-06-26,,,,,,,,,2590.57,2615.25,2376.29,2478.45,1663280000,42514000000.0,2645.4,2558.9,Decreasing,51.11,52.74,47.31,48.33,2220370.0,346232000.0,53.2,50.8,Decreasing
339,2017-06-27,,,,,,,,,2478.45,2552.45,2332.99,2552.45,1489790000,40677900000.0,2558.8,2540.1,Increasing,49.5,50.77,46.29,50.56,2410340.0,335744000.0,51.1,50.0,Increasing
340,2017-06-28,,,,,,,,,2553.03,2603.98,2484.42,2574.79,1183870000,41906700000.0,2540.7,2535.2,Increasing,51.31,52.62,49.94,52.11,2985300.0,348397000.0,50.6,50.3,Increasing
341,2017-06-29,,,,,,,,,2567.56,2588.83,2510.48,2539.32,949979000,42150300000.0,2533.0,2555.5,Decreasing,52.06,52.82,51.04,51.84,2865970.0,353750000.0,51.0,51.5,Decreasing
342,2017-06-30,,,,,,,,,2539.24,2559.25,2478.43,2480.84,860273000,41689100000.0,2553.3,2531.7,Decreasing,51.94,53.1,50.86,51.39,2126610.0,353252000.0,51.8,51.8,Decreasing
343,2017-07-01,,,,,,,,,2492.6,2515.27,2419.23,2434.55,779914000,40928200000.0,2533.1,2484.9,Decreasing,51.37,52.15,49.61,50.04,2650800.0,349775000.0,51.8,51.1,Decreasing
344,2017-07-02,,,,,,,,,2436.4,2514.28,2394.84,2506.47,803747000,40010500000.0,2489.4,2474.0,Increasing,50.04,52.4,49.62,52.04,1326100.0,341010000.0,51.1,51.2,Increasing
345,2017-07-03,,,,,,,,,2498.56,2595.0,2480.47,2564.06,964112000,41037200000.0,2475.9,2501.7,Increasing,51.81,54.06,51.35,53.36,3417230.0,353379000.0,51.1,51.8,Increasing
346,2017-07-04,,,,,,,,,2561.0,2631.59,2559.35,2601.64,985516000,42067900000.0,2498.7,2557.4,Increasing,53.24,55.52,53.22,55.48,2748610.0,363460000.0,51.7,53.6,Increasing
347,2017-07-05,,,,,,,,,2602.87,2622.65,2538.55,2601.99,941566000,42760800000.0,2554.1,2589.2,Decreasing,55.52,57.3,53.62,57.08,2954260.0,379307000.0,53.5,55.3,Increasing
348,2017-07-06,,,,,,,,,2608.1,2616.72,2581.69,2608.56,761957000,42851400000.0,2590.7,2604.1,Increasing,57.11,63.8,56.92,59.06,3277810.0,390587000.0,55.3,57.2,Increasing
349,2017-07-07,,,,,,,,,2608.59,2916.14,2498.87,2518.66,917412000,42864200000.0,2606.5,2576.4,Decreasing,59.13,59.79,56.58,56.58,4205810.0,404767000.0,57.3,57.6,Decreasing
350,2017-07-08,,,,,,,,,2520.27,2571.34,2492.31,2571.34,733330000,41417700000.0,2579.0,2566.2,Increasing,56.6,60.25,56.6,60.18,2447650.0,387783000.0,57.6,58.6,Increasing
351,2017-07-09,,,,,,,,,2572.61,2635.49,2517.59,2518.44,527856000,42283200000.0,2567.2,2536.1,Decreasing,60.22,60.45,58.61,58.96,1992460.0,412952000.0,58.6,58.6,Decreasing
352,2017-07-10,,,,,,,,,2525.25,2537.16,2321.13,2372.56,1111200000,41509000000.0,2539.4,2487.4,Decreasing,58.67,59.6,53.45,53.97,2949720.0,402702000.0,58.5,57.7,Decreasing
353,2017-07-11,,,,,,,,,2385.89,2413.47,2296.81,2337.79,1329760000,39224200000.0,2494.6,2409.6,Decreasing,53.64,56.96,53.28,55.07,2767260.0,368502000.0,57.5,56.0,Increasing
354,2017-07-12,,,,,,,,,2332.77,2423.71,2275.14,2398.84,1117410000,38355900000.0,2414.6,2369.7,Increasing,54.99,58.86,53.61,58.26,2740060.0,379392000.0,55.8,55.8,Increasing
355,2017-07-13,,,,,,,,,2402.7,2425.22,2340.83,2357.9,835770000,39511000000.0,2373.8,2364.8,Decreasing,57.99,58.89,57.02,57.64,3024130.0,400400000.0,55.5,57.0,Decreasing
356,2017-07-14,,,,,,,,,2360.59,2363.25,2183.22,2233.34,882503000,38823100000.0,2365.4,2330.0,Decreasing,57.6,58.57,53.94,55.53,3445520.0,398102000.0,56.9,57.1,Decreasing
357,2017-07-15,,,,,,,,,2230.12,2231.14,1990.41,1998.86,993608000,36681300000.0,2331.1,2196.7,Decreasing,55.45,55.55,44.57,44.57,2687210.0,383760000.0,57.0,52.6,Decreasing
358,2017-07-16,,,,,,,,,1991.98,2058.77,1843.03,1929.82,1182870000,32767600000.0,2194.2,2054.0,Decreasing,44.22,50.56,29.87,48.05,2100690.0,260770000.0,52.4,49.4,Increasing
359,2017-07-17,,,,,,,,,1932.62,2230.49,1932.62,2228.41,1201760000,31795000000.0,2051.6,2052.4,Increasing,47.74,55.83,47.74,55.49,3778790.0,281529000.0,49.1,49.4,Increasing
360,2017-07-18,,,,,,,,,2233.52,2387.61,2164.77,2318.88,1512450000,36749400000.0,2052.7,2159.0,Increasing,55.72,59.98,53.81,58.29,3540910.0,329330000.0,49.2,53.9,Increasing
361,2017-07-19,,,,,,,,,2323.08,2397.17,2260.23,2273.43,1245100000,38227800000.0,2163.1,2273.6,Decreasing,58.38,60.22,55.72,56.61,3140970.0,345452000.0,53.9,56.8,Decreasing
362,2017-07-20,,,,,,,,,2269.89,2900.7,2269.89,2817.6,2249260000,37356800000.0,2275.5,2470.0,Increasing,56.44,72.0,56.44,69.79,4378970.0,334334000.0,56.8,61.6,Increasing
363,2017-07-21,,,,,,,,,2838.41,2838.41,2621.85,2667.76,1489450000,46719000000.0,2477.1,2586.3,Decreasing,70.31,70.55,65.47,67.21,4225470.0,423696000.0,61.7,64.5,Decreasing
364,2017-07-22,,,,,,,,,2668.63,2862.42,2657.71,2810.12,1177130000,43929600000.0,2592.3,2765.2,Increasing,67.23,70.84,65.63,67.31,3077890.0,409779000.0,64.7,68.1,Increasing
