,Date,Open,High,Low,Close,Volume,Market Cap,Name,Month_Name,Month_Number,Date_Number,Year,New_date,New_date1,RollingAvg3_Open,RollingAvg3_Close,RollingAvg7_Open,RollingAvg7_Close
212,"Jul 23, 2017",555.89,578.97,411.78,413.06,85013.0,-,bitcoin_cash,Jul,7,23,2017,20170723,2017-07-23,,,,
211,"Jul 24, 2017",412.58,578.89,409.21,440.7,190952.0,-,bitcoin_cash,Jul,7,24,2017,20170724,2017-07-24,,,,
210,"Jul 25, 2017",441.35,541.66,338.09,406.9,524908.0,-,bitcoin_cash,Jul,7,25,2017,20170725,2017-07-25,469.9,420.2,,
209,"Jul 26, 2017",407.08,486.16,321.79,365.82,1784640.0,-,bitcoin_cash,Jul,7,26,2017,20170726,2017-07-26,420.3,404.5,,
208,"Jul 27, 2017",417.1,460.97,367.78,385.48,533207.0,-,bitcoin_cash,Jul,7,27,2017,20170727,2017-07-27,421.8,386.1,,
207,"Jul 28, 2017",386.65,465.18,217.06,406.05,1230160.0,-,bitcoin_cash,Jul,7,28,2017,20170728,2017-07-28,403.6,385.8,,
206,"Jul 29, 2017",410.56,423.73,323.73,384.77,737815.0,-,bitcoin_cash,Jul,7,29,2017,20170729,2017-07-29,404.8,392.1,433.0,400.4
205,"Jul 30, 2017",385.14,385.14,316.25,345.66,606695.0,-,bitcoin_cash,Jul,7,30,2017,20170730,2017-07-30,394.1,378.8,408.6,390.8
204,"Jul 31, 2017",346.36,347.82,266.19,294.46,1075960.0,-,bitcoin_cash,Jul,7,31,2017,20170731,2017-07-31,380.7,341.6,399.2,369.9
203,"Aug 01, 2017",294.6,426.11,210.38,380.01,65988800.0,-,bitcoin_cash,Aug,8,1,2017,20170801,2017-08-01,342.0,340.0,378.2,366.0
202,"Aug 02, 2017",382.38,756.93,309.33,452.66,416207000.0,6302360000.00,bitcoin_cash,Aug,8,2,2017,20170802,2017-08-02,341.1,375.7,374.7,378.4
201,"Aug 03, 2017",448.49,519.28,364.05,364.05,161518000.0,7392030000.00,bitcoin_cash,Aug,8,3,2017,20170803,2017-08-03,375.2,398.9,379.2,375.4
200,"Aug 04, 2017",362.18,386.93,233.05,233.05,185038000.0,5969720000.00,bitcoin_cash,Aug,8,4,2017,20170804,2017-08-04,397.7,349.9,375.7,350.7
199,"Aug 05, 2017",231.11,273.04,200.98,213.15,144043000.0,3809330000.00,bitcoin_cash,Aug,8,5,2017,20170805,2017-08-05,347.3,270.1,350.0,326.1
198,"Aug 06, 2017",212.18,223.7,203.44,220.66,107606000.0,3497290000.00,bitcoin_cash,Aug,8,6,2017,20170806,2017-08-06,268.5,222.3,325.3,308.3
197,"Aug 07, 2017",223.76,373.87,223.76,319.69,346546000.0,3688360000.00,bitcoin_cash,Aug,8,7,2017,20170807,2017-08-07,222.4,251.2,307.8,311.9
196,"Aug 08, 2017",321.35,386.29,309.61,345.49,274880000.0,5297390000.00,bitcoin_cash,Aug,8,8,2017,20170808,2017-08-08,252.4,295.3,311.6,307.0
195,"Aug 09, 2017",345.28,349.32,298.61,303.89,165032000.0,5691960000.00,bitcoin_cash,Aug,8,9,2017,20170809,2017-08-09,296.8,323.0,306.3,285.7
194,"Aug 10, 2017",305.21,311.68,274.68,275.95,136637000.0,5031790000.00,bitcoin_cash,Aug,8,10,2017,20170810,2017-08-10,323.9,308.4,285.9,273.1
193,"Aug 11, 2017",275.88,351.16,275.02,328.24,233971000.0,4548600000.00,bitcoin_cash,Aug,8,11,2017,20170811,2017-08-11,308.8,302.7,273.5,286.7
192,"Aug 12, 2017",327.82,341.85,313.7,317.09,126007000.0,5405200000.00,bitcoin_cash,Aug,8,12,2017,20170812,2017-08-12,303.0,307.1,287.4,301.6
191,"Aug 13, 2017",316.29,317.47,298.05,298.05,120722000.0,5215330000.00,bitcoin_cash,Aug,8,13,2017,20170813,2017-08-13,306.7,314.5,302.2,312.6
190,"Aug 14, 2017",296.1,327.39,293.5,297.68,174968000.0,4882720000.00,bitcoin_cash,Aug,8,14,2017,20170814,2017-08-14,313.4,304.3,312.6,309.5
189,"Aug 15, 2017",298.19,306.52,292.88,297.86,133924000.0,4917480000.00,bitcoin_cash,Aug,8,15,2017,20170815,2017-08-15,303.5,297.9,309.3,302.7
188,"Aug 16, 2017",297.97,307.62,290.21,300.21,106436000.0,4914350000.00,bitcoin_cash,Aug,8,16,2017,20170816,2017-08-16,297.4,298.6,302.5,302.2
187,"Aug 17, 2017",301.02,460.53,293.1,460.53,744605000.0,4964980000.00,bitcoin_cash,Aug,8,17,2017,20170817,2017-08-17,299.1,352.9,301.9,328.5
186,"Aug 18, 2017",458.67,764.07,458.67,690.24,3087490000.0,7565590000.00,bitcoin_cash,Aug,8,18,2017,20170818,2017-08-18,352.6,483.7,328.0,380.2
185,"Aug 19, 2017",697.04,1091.97,625.16,754.56,3196230000.0,11498100000.00,bitcoin_cash,Aug,8,19,2017,20170819,2017-08-19,485.6,635.1,380.8,442.7
184,"Aug 20, 2017",772.42,858.96,683.94,712.87,1494020000.0,12742600000.00,bitcoin_cash,Aug,8,20,2017,20170820,2017-08-20,642.7,719.2,445.9,502.0
183,"Aug 21, 2017",723.7,756.59,573.47,599.63,1123400000.0,11943100000.00,bitcoin_cash,Aug,8,21,2017,20170821,2017-08-21,731.1,689.0,507.0,545.1
182,"Aug 22, 2017",596.19,734.88,570.27,690.88,1393260000.0,9844620000.00,bitcoin_cash,Aug,8,22,2017,20170822,2017-08-22,697.4,667.8,549.6,601.3
181,"Aug 23, 2017",690.96,715.67,651.32,669.4,501983000.0,11416800000.00,bitcoin_cash,Aug,8,23,2017,20170823,2017-08-23,670.3,653.3,605.7,654.0
180,"Aug 24, 2017",670.03,697.32,617.31,628.11,407177000.0,11071100000.00,bitcoin_cash,Aug,8,24,2017,20170824,2017-08-24,652.4,662.8,658.4,678.0
179,"Aug 25, 2017",627.06,665.41,624.3,641.05,348632000.0,10365600000.00,bitcoin_cash,Aug,8,25,2017,20170825,2017-08-25,662.7,646.2,682.5,670.9
178,"Aug 26, 2017",641.88,646.93,622.36,625.32,193414000.0,10616100000.00,bitcoin_cash,Aug,8,26,2017,20170826,2017-08-26,646.3,631.5,674.6,652.5
177,"Aug 27, 2017",625.89,654.87,589.63,620.9,402718000.0,10357000000.00,bitcoin_cash,Aug,8,27,2017,20170827,2017-08-27,631.6,629.1,653.7,639.3
176,"Aug 28, 2017",619.7,626.88,595.52,596.18,216273000.0,10254800000.00,bitcoin_cash,Aug,8,28,2017,20170828,2017-08-28,629.2,614.1,638.8,638.8
175,"Aug 29, 2017",596.13,599.3,528.32,552.93,370017000.0,9866110000.00,bitcoin_cash,Aug,8,29,2017,20170829,2017-08-29,613.9,590.0,638.8,619.1
174,"Aug 30, 2017",549.32,604.69,535.92,575.21,443856000.0,9092300000.00,bitcoin_cash,Aug,8,30,2017,20170830,2017-08-30,588.4,574.8,618.6,605.7
173,"Aug 31, 2017",576.25,603.69,572.14,588.17,298144000.0,9538750000.00,bitcoin_cash,Aug,8,31,2017,20170831,2017-08-31,573.9,572.1,605.2,600.0
172,"Sep 01, 2017",588.4,645.52,586.73,622.17,393839000.0,9740460000.00,bitcoin_cash,Sep,9,1,2017,20170901,2017-09-01,571.3,595.2,599.7,597.3
171,"Sep 02, 2017",621.96,642.05,560.58,575.9,350478000.0,10297000000.00,bitcoin_cash,Sep,9,2,2017,20170902,2017-09-02,595.5,595.4,596.8,590.2
170,"Sep 03, 2017",578.27,617.41,563.59,607.43,344862000.0,9574520000.00,bitcoin_cash,Sep,9,3,2017,20170903,2017-09-03,596.2,601.8,590.0,588.3
169,"Sep 04, 2017",608.26,608.26,500.75,517.24,328957000.0,10072200000.00,bitcoin_cash,Sep,9,4,2017,20170904,2017-09-04,602.8,566.9,588.4,577.0
168,"Sep 05, 2017",514.9,550.95,458.78,541.71,338978000.0,8527100000.00,bitcoin_cash,Sep,9,5,2017,20170905,2017-09-05,567.1,555.5,576.8,575.4
167,"Sep 06, 2017",541.28,642.69,539.96,638.18,693240000.0,8964700000.00,bitcoin_cash,Sep,9,6,2017,20170906,2017-09-06,554.8,565.7,575.6,584.4
166,"Sep 07, 2017",636.85,707.98,603.5,652.86,1082380000.0,10548500000.00,bitcoin_cash,Sep,9,7,2017,20170907,2017-09-07,564.3,610.9,584.3,593.6
165,"Sep 08, 2017",654.37,687.3,557.5,583.1,809763000.0,10840500000.00,bitcoin_cash,Sep,9,8,2017,20170908,2017-09-08,610.8,624.7,593.7,588.1
164,"Sep 09, 2017",584.73,586.18,539.15,547.47,234578000.0,9688150000.00,bitcoin_cash,Sep,9,9,2017,20170909,2017-09-09,625.3,594.5,588.4,584.0
163,"Sep 10, 2017",546.48,546.75,484.09,537.07,289508000.0,9055430000.00,bitcoin_cash,Sep,9,10,2017,20170910,2017-09-10,595.2,555.9,583.8,573.9
162,"Sep 11, 2017",537.19,556.25,515.67,537.81,274712000.0,8902570000.00,bitcoin_cash,Sep,9,11,2017,20170911,2017-09-11,556.1,540.8,573.7,576.9
161,"Sep 12, 2017",539.03,559.22,505.01,510.41,273825000.0,8934220000.00,bitcoin_cash,Sep,9,12,2017,20170912,2017-09-12,540.9,528.4,577.1,572.4
160,"Sep 13, 2017",509.47,519.2,471.22,503.61,340344000.0,8445540000.00,bitcoin_cash,Sep,9,13,2017,20170913,2017-09-13,528.6,517.3,572.6,553.2
159,"Sep 14, 2017",504.22,510.47,367.04,367.04,257431000.0,8359650000.00,bitcoin_cash,Sep,9,14,2017,20170914,2017-09-14,517.6,460.4,553.6,512.4
158,"Sep 15, 2017",369.49,448.39,301.69,424.02,707231000.0,6126800000.00,bitcoin_cash,Sep,9,15,2017,20170915,2017-09-15,461.1,431.6,512.9,489.6
157,"Sep 16, 2017",424.49,450.98,388.2,440.22,313583000.0,7039590000.00,bitcoin_cash,Sep,9,16,2017,20170916,2017-09-16,432.7,410.4,490.1,474.3
156,"Sep 17, 2017",438.9,438.9,384.06,419.86,221828000.0,7279520000.00,bitcoin_cash,Sep,9,17,2017,20170917,2017-09-17,411.0,428.0,474.7,457.6
155,"Sep 18, 2017",422.09,479.69,422.09,479.32,458550000.0,7001640000.00,bitcoin_cash,Sep,9,18,2017,20170918,2017-09-18,428.5,446.5,458.2,449.2
154,"Sep 19, 2017",480.64,550.41,450.05,527.88,802321000.0,7975010000.00,bitcoin_cash,Sep,9,19,2017,20170919,2017-09-19,447.2,475.7,449.9,451.7
153,"Sep 20, 2017",526.74,527.72,471.09,476.05,669264000.0,8741670000.00,bitcoin_cash,Sep,9,20,2017,20170920,2017-09-20,476.5,494.4,452.4,447.8
152,"Sep 21, 2017",475.83,480.0,413.75,416.26,316731000.0,7898300000.00,bitcoin_cash,Sep,9,21,2017,20170921,2017-09-21,494.4,473.4,448.3,454.8
151,"Sep 22, 2017",417.92,435.44,402.77,415.09,241905000.0,6937170000.00,bitcoin_cash,Sep,9,22,2017,20170922,2017-09-22,473.5,435.8,455.2,453.5
150,"Sep 23, 2017",415.31,432.96,407.45,428.5,189127000.0,6895970000.00,bitcoin_cash,Sep,9,23,2017,20170923,2017-09-23,436.4,420.0,453.9,451.9
149,"Sep 24, 2017",428.8,433.04,419.25,421.03,114527000.0,7121950000.00,bitcoin_cash,Sep,9,24,2017,20170924,2017-09-24,420.7,421.5,452.5,452.0
148,"Sep 25, 2017",419.65,450.13,419.65,445.8,302272000.0,6971280000.00,bitcoin_cash,Sep,9,25,2017,20170925,2017-09-25,421.3,431.8,452.1,447.2
147,"Sep 26, 2017",445.36,458.25,441.83,441.83,165303000.0,7400020000.00,bitcoin_cash,Sep,9,26,2017,20170926,2017-09-26,431.3,436.2,447.1,434.9
146,"Sep 27, 2017",441.86,460.0,439.41,457.31,197885000.0,7343490000.00,bitcoin_cash,Sep,9,27,2017,20170927,2017-09-27,435.6,448.3,435.0,432.3
145,"Sep 28, 2017",456.71,465.2,433.5,447.81,300421000.0,7592000000.00,bitcoin_cash,Sep,9,28,2017,20170928,2017-09-28,448.0,449.0,432.2,436.8
144,"Sep 29, 2017",447.66,447.92,426.99,436.77,148725000.0,7441960000.00,bitcoin_cash,Sep,9,29,2017,20170929,2017-09-29,448.7,447.3,436.5,439.9
143,"Sep 30, 2017",436.64,445.62,432.53,432.63,150565000.0,7258880000.00,bitcoin_cash,Sep,9,30,2017,20170930,2017-09-30,447.0,439.1,439.5,440.5
142,"Oct 01, 2017",433.38,436.94,415.15,415.15,164290000.0,7207770000.00,bitcoin_cash,Oct,10,1,2017,20171001,2017-10-01,439.2,428.2,440.2,439.6
141,"Oct 02, 2017",415.87,430.86,411.84,421.19,219590000.0,6921580000.00,bitcoin_cash,Oct,10,2,2017,20171002,2017-10-02,428.6,423.0,439.6,436.1
140,"Oct 03, 2017",421.79,421.79,395.74,404.18,130247000.0,7022370000.00,bitcoin_cash,Oct,10,3,2017,20171003,2017-10-03,423.7,413.5,436.3,430.7
139,"Oct 04, 2017",404.2,404.45,354.55,358.45,251584000.0,6729640000.00,bitcoin_cash,Oct,10,4,2017,20171004,2017-10-04,414.0,394.6,430.9,416.6
138,"Oct 05, 2017",358.42,371.19,348.45,355.75,268341000.0,5971260000.00,bitcoin_cash,Oct,10,5,2017,20171005,2017-10-05,394.8,372.8,416.9,403.4
137,"Oct 06, 2017",355.44,371.28,354.96,363.01,182031000.0,5926540000.00,bitcoin_cash,Oct,10,6,2017,20171006,2017-10-06,372.7,359.1,403.7,392.9
136,"Oct 07, 2017",363.6,364.88,356.06,360.78,91004000.0,6062860000.00,bitcoin_cash,Oct,10,7,2017,20171007,2017-10-07,359.2,359.8,393.2,382.6
135,"Oct 08, 2017",360.09,362.46,337.0,342.21,203754000.0,6004940000.00,bitcoin_cash,Oct,10,8,2017,20171008,2017-10-08,359.7,355.3,382.8,372.2
134,"Oct 09, 2017",342.76,342.76,289.04,314.16,288075000.0,5716320000.00,bitcoin_cash,Oct,10,9,2017,20171009,2017-10-09,355.5,339.1,372.3,356.9
133,"Oct 10, 2017",313.22,352.02,311.7,321.59,367809000.0,5224170000.00,bitcoin_cash,Oct,10,10,2017,20171010,2017-10-10,338.7,326.0,356.8,345.1
132,"Oct 11, 2017",320.2,321.26,312.13,314.9,131577000.0,5341000000.00,bitcoin_cash,Oct,10,11,2017,20171011,2017-10-11,325.4,316.9,344.8,338.9
131,"Oct 12, 2017",315.47,330.13,310.71,313.21,262066000.0,5262390000.00,bitcoin_cash,Oct,10,12,2017,20171012,2017-10-12,316.3,316.6,338.7,332.8
130,"Oct 13, 2017",314.15,323.08,304.38,321.46,288210000.0,5242630000.00,bitcoin_cash,Oct,10,13,2017,20171013,2017-10-13,316.6,316.5,332.8,326.9
129,"Oct 14, 2017",321.54,327.42,317.35,321.96,164137000.0,5369720000.00,bitcoin_cash,Oct,10,14,2017,20171014,2017-10-14,317.1,318.9,326.8,321.4
128,"Oct 15, 2017",322.42,323.59,307.68,314.95,133385000.0,5384760000.00,bitcoin_cash,Oct,10,15,2017,20171015,2017-10-15,319.4,319.5,321.4,317.5
127,"Oct 16, 2017",315.26,318.02,310.52,313.64,117797000.0,5265400000.00,bitcoin_cash,Oct,10,16,2017,20171016,2017-10-16,319.7,316.9,317.5,317.4
126,"Oct 17, 2017",313.7,394.96,309.64,371.73,1008160000.0,5239520000.00,bitcoin_cash,Oct,10,17,2017,20171017,2017-10-17,317.1,333.4,317.5,324.6
125,"Oct 18, 2017",373.65,376.18,313.77,339.17,477184000.0,6240990000.00,bitcoin_cash,Oct,10,18,2017,20171018,2017-10-18,334.2,341.5,325.2,328.0
124,"Oct 19, 2017",339.27,339.27,326.27,330.81,195578000.0,5667070000.00,bitcoin_cash,Oct,10,19,2017,20171019,2017-10-19,342.2,347.2,328.6,330.5
123,"Oct 20, 2017",330.9,332.98,323.08,327.44,160204000.0,5527860000.00,bitcoin_cash,Oct,10,20,2017,20171020,2017-10-20,347.9,332.5,331.0,331.4
122,"Oct 21, 2017",326.75,328.45,317.46,323.36,129938000.0,5458980000.00,bitcoin_cash,Oct,10,21,2017,20171021,2017-10-21,332.3,327.2,331.7,331.6
121,"Oct 22, 2017",323.5,355.52,323.5,331.66,355546000.0,5405020000.00,bitcoin_cash,Oct,10,22,2017,20171022,2017-10-22,327.0,327.5,331.9,334.0
120,"Oct 23, 2017",330.67,332.28,309.87,315.6,191558000.0,5524790000.00,bitcoin_cash,Oct,10,23,2017,20171023,2017-10-23,327.0,323.5,334.1,334.3
119,"Oct 24, 2017",315.9,340.45,311.48,326.89,267442000.0,5278410000.00,bitcoin_cash,Oct,10,24,2017,20171024,2017-10-24,323.4,324.7,334.4,327.8
118,"Oct 25, 2017",326.59,334.38,320.38,332.13,151935000.0,5457720000.00,bitcoin_cash,Oct,10,25,2017,20171025,2017-10-25,324.4,324.9,327.7,326.8
117,"Oct 26, 2017",332.11,350.94,331.21,338.2,234967000.0,5550700000.00,bitcoin_cash,Oct,10,26,2017,20171026,2017-10-26,324.9,332.4,326.6,327.9
116,"Oct 27, 2017",338.3,372.81,338.24,367.57,501989000.0,5655870000.00,bitcoin_cash,Oct,10,27,2017,20171027,2017-10-27,332.3,346.0,327.7,333.6
115,"Oct 28, 2017",369.54,425.44,369.06,423.35,781037000.0,6183520000.00,bitcoin_cash,Oct,10,28,2017,20171028,2017-10-28,346.6,376.4,333.8,347.9
114,"Oct 29, 2017",420.47,526.12,408.4,451.92,2002440000.0,7042260000.00,bitcoin_cash,Oct,10,29,2017,20171029,2017-10-29,376.1,414.3,347.7,365.1
113,"Oct 30, 2017",458.45,478.42,417.62,448.23,796409000.0,7679000000.00,bitcoin_cash,Oct,10,30,2017,20171030,2017-10-30,416.2,441.2,365.9,384.0
112,"Oct 31, 2017",449.37,454.07,431.76,439.05,343799000.0,7527260000.00,bitcoin_cash,Oct,10,31,2017,20171031,2017-10-31,442.8,446.4,385.0,400.1
111,"Nov 01, 2017",438.3,538.26,437.91,531.83,1152230000.0,7342250000.00,bitcoin_cash,Nov,11,1,2017,20171101,2017-11-01,448.7,473.0,400.9,428.6
110,"Nov 02, 2017",527.68,610.39,514.52,587.22,1632060000.0,8840010000.00,bitcoin_cash,Nov,11,2,2017,20171102,2017-11-02,471.8,519.4,428.9,464.2
109,"Nov 03, 2017",587.32,684.53,577.86,625.32,1682210000.0,9839760000.00,bitcoin_cash,Nov,11,3,2017,20171103,2017-11-03,517.8,581.5,464.4,501.0
108,"Nov 04, 2017",635.35,642.05,571.12,620.45,1161370000.0,10647200000.00,bitcoin_cash,Nov,11,4,2017,20171104,2017-11-04,583.4,611.0,502.4,529.1
107,"Nov 05, 2017",619.91,635.72,579.13,630.7,816028000.0,10390900000.00,bitcoin_cash,Nov,11,5,2017,20171105,2017-11-05,614.2,625.5,530.9,554.7
106,"Nov 06, 2017",630.31,657.34,602.65,602.65,794105000.0,10566600000.00,bitcoin_cash,Nov,11,6,2017,20171106,2017-11-06,628.5,617.9,555.5,576.7
105,"Nov 07, 2017",602.68,626.21,602.45,616.3,375367000.0,10105200000.00,bitcoin_cash,Nov,11,7,2017,20171107,2017-11-07,617.6,616.6,577.4,602.1
104,"Nov 08, 2017",615.24,646.38,565.6,622.46,837646000.0,10317500000.00,bitcoin_cash,Nov,11,8,2017,20171108,2017-11-08,616.1,613.8,602.6,615.0
103,"Nov 09, 2017",622.31,670.14,619.26,654.3,710387000.0,10437700000.00,bitcoin_cash,Nov,11,9,2017,20171109,2017-11-09,613.4,631.0,616.2,624.6
102,"Nov 10, 2017",651.77,1034.77,651.77,1007.42,5195420000.0,10933000000.00,bitcoin_cash,Nov,11,10,2017,20171110,2017-11-10,629.8,761.4,625.4,679.2
101,"Nov 11, 2017",1001.64,1403.66,910.72,1340.45,5139770000.0,16807400000.00,bitcoin_cash,Nov,11,11,2017,20171111,2017-11-11,758.6,1000.7,677.7,782.0
100,"Nov 12, 2017",1346.97,2477.65,1215.58,1388.86,8371320000.0,22614400000.00,bitcoin_cash,Nov,11,12,2017,20171112,2017-11-12,1000.1,1245.6,781.6,890.3
99,"Nov 13, 2017",1381.82,1501.16,1043.0,1353.99,4850570000.0,23214700000.00,bitcoin_cash,Nov,11,13,2017,20171113,2017-11-13,1243.5,1361.1,888.9,997.7
98,"Nov 14, 2017",1346.73,1390.21,1211.39,1273.53,1697910000.0,22626200000.00,bitcoin_cash,Nov,11,14,2017,20171114,2017-11-14,1358.5,1338.8,995.2,1091.6
97,"Nov 15, 2017",1269.79,1326.39,1191.98,1212.4,1321780000.0,21335600000.00,bitcoin_cash,Nov,11,15,2017,20171115,2017-11-15,1332.8,1280.0,1088.7,1175.9
96,"Nov 16, 2017",1202.17,1210.36,876.57,900.78,2034690000.0,20202000000.00,bitcoin_cash,Nov,11,16,2017,20171116,2017-11-16,1272.9,1128.9,1171.6,1211.1
95,"Nov 17, 2017",909.16,1217.42,863.98,1185.48,3203430000.0,15279000000.00,bitcoin_cash,Nov,11,17,2017,20171117,2017-11-17,1127.0,1099.6,1208.3,1236.5
94,"Nov 18, 2017",1197.43,1388.11,1197.43,1254.53,3053770000.0,20125900000.00,bitcoin_cash,Nov,11,18,2017,20171118,2017-11-18,1102.9,1113.6,1236.3,1224.2
93,"Nov 19, 2017",1260.95,1262.34,1144.08,1172.05,1285910000.0,21196200000.00,bitcoin_cash,Nov,11,19,2017,20171119,2017-11-19,1122.5,1204.0,1224.0,1193.3
92,"Nov 20, 2017",1172.43,1236.01,1167.28,1236.01,800053000.0,19710200000.00,bitcoin_cash,Nov,11,20,2017,20171120,2017-11-20,1210.3,1220.9,1194.1,1176.4
91,"Nov 21, 2017",1220.78,1224.15,1140.88,1176.97,772859000.0,20525100000.00,bitcoin_cash,Nov,11,21,2017,20171121,2017-11-21,1218.1,1195.0,1176.1,1162.6
90,"Nov 22, 2017",1175.06,1335.25,1171.6,1303.31,1517620000.0,19758600000.00,bitcoin_cash,Nov,11,22,2017,20171122,2017-11-22,1189.4,1238.8,1162.6,1175.6
89,"Nov 23, 2017",1302.23,1683.81,1299.95,1683.81,4112090000.0,21899400000.00,bitcoin_cash,Nov,11,23,2017,20171123,2017-11-23,1232.7,1388.0,1176.9,1287.5
88,"Nov 24, 2017",1651.86,1782.83,1575.76,1648.51,3128960000.0,27782400000.00,bitcoin_cash,Nov,11,24,2017,20171124,2017-11-24,1376.4,1545.2,1283.0,1353.6
87,"Nov 25, 2017",1634.0,1656.55,1535.77,1571.27,1560040000.0,27484900000.00,bitcoin_cash,Nov,11,25,2017,20171125,2017-11-25,1529.4,1634.5,1345.3,1398.8
86,"Nov 26, 2017",1571.39,1758.61,1563.35,1735.66,1593050000.0,26434500000.00,bitcoin_cash,Nov,11,26,2017,20171126,2017-11-26,1619.1,1651.8,1389.7,1479.4
85,"Nov 27, 2017",1722.93,1742.4,1607.79,1622.57,1391460000.0,28986800000.00,bitcoin_cash,Nov,11,27,2017,20171127,2017-11-27,1642.8,1643.2,1468.3,1534.6
84,"Nov 28, 2017",1621.17,1629.48,1543.08,1546.18,1274880000.0,27277200000.00,bitcoin_cash,Nov,11,28,2017,20171128,2017-11-28,1638.5,1634.8,1525.5,1587.3
83,"Nov 29, 2017",1541.63,1673.23,1332.14,1359.71,2345250000.0,25941800000.00,bitcoin_cash,Nov,11,29,2017,20171129,2017-11-29,1628.6,1509.5,1577.9,1595.4
82,"Nov 30, 2017",1380.36,1468.75,1222.1,1389.78,1211730000.0,23230400000.00,bitcoin_cash,Nov,11,30,2017,20171130,2017-11-30,1514.4,1431.9,1589.0,1553.4
81,"Dec 01, 2017",1381.81,1482.68,1300.46,1462.68,965151000.0,23257100000.00,bitcoin_cash,Dec,12,1,2017,20171201,2017-12-01,1434.6,1404.1,1550.5,1526.8
80,"Dec 02, 2017",1462.06,1502.37,1415.49,1434.98,574510000.0,24610500000.00,bitcoin_cash,Dec,12,2,2017,20171202,2017-12-02,1408.1,1429.1,1525.9,1507.4
79,"Dec 03, 2017",1435.36,1649.3,1420.6,1559.93,1476740000.0,24163600000.00,bitcoin_cash,Dec,12,3,2017,20171203,2017-12-03,1426.4,1485.9,1506.5,1482.3
78,"Dec 04, 2017",1560.16,1580.11,1498.98,1576.92,780634000.0,26267300000.00,bitcoin_cash,Dec,12,4,2017,20171204,2017-12-04,1485.9,1523.9,1483.2,1475.7
77,"Dec 05, 2017",1580.16,1623.16,1498.0,1501.85,1032800000.0,26606900000.00,bitcoin_cash,Dec,12,5,2017,20171205,2017-12-05,1525.2,1546.2,1477.4,1469.4
76,"Dec 06, 2017",1498.49,1530.65,1396.16,1430.1,1154620000.0,25234400000.00,bitcoin_cash,Dec,12,6,2017,20171206,2017-12-06,1546.3,1503.0,1471.2,1479.5
75,"Dec 07, 2017",1430.71,1454.73,1323.75,1330.93,1285210000.0,24095900000.00,bitcoin_cash,Dec,12,7,2017,20171207,2017-12-07,1503.1,1421.0,1478.4,1471.1
74,"Dec 08, 2017",1329.16,1731.32,1247.93,1464.13,2553980000.0,22386700000.00,bitcoin_cash,Dec,12,8,2017,20171208,2017-12-08,1419.5,1408.4,1470.9,1471.3
73,"Dec 09, 2017",1464.63,1526.4,1353.9,1410.06,1059610000.0,24671600000.00,bitcoin_cash,Dec,12,9,2017,20171209,2017-12-09,1408.2,1401.7,1471.2,1467.7
72,"Dec 10, 2017",1411.84,1411.84,1226.21,1323.07,885886000.0,23784900000.00,bitcoin_cash,Dec,12,10,2017,20171210,2017-12-10,1401.9,1399.1,1467.9,1433.9
71,"Dec 11, 2017",1320.0,1453.49,1316.85,1423.38,922792000.0,22239900000.00,bitcoin_cash,Dec,12,11,2017,20171211,2017-12-11,1398.8,1385.5,1433.6,1411.9
70,"Dec 12, 2017",1427.38,1638.29,1427.38,1615.03,1386250000.0,24051800000.00,bitcoin_cash,Dec,12,12,2017,20171212,2017-12-12,1386.4,1453.8,1411.7,1428.1
69,"Dec 13, 2017",1616.99,1702.53,1497.94,1607.65,1245190000.0,27249600000.00,bitcoin_cash,Dec,12,13,2017,20171213,2017-12-13,1454.8,1548.7,1428.7,1453.5
68,"Dec 14, 2017",1600.67,2080.41,1593.15,1966.14,2717410000.0,26977700000.00,bitcoin_cash,Dec,12,14,2017,20171214,2017-12-14,1548.3,1729.6,1453.0,1544.2
67,"Dec 15, 2017",1974.66,1974.66,1678.06,1815.43,1457230000.0,33284800000.00,bitcoin_cash,Dec,12,15,2017,20171215,2017-12-15,1730.8,1796.4,1545.2,1594.4
66,"Dec 16, 2017",1824.85,1890.06,1769.5,1801.88,971255000.0,30762600000.00,bitcoin_cash,Dec,12,16,2017,20171216,2017-12-16,1800.1,1861.1,1596.6,1650.4
65,"Dec 17, 2017",1812.33,1939.93,1806.65,1862.88,1020590000.0,30554500000.00,bitcoin_cash,Dec,12,17,2017,20171217,2017-12-17,1870.6,1826.7,1653.8,1727.5
64,"Dec 18, 2017",1869.21,2353.64,1799.12,2196.64,2538650000.0,31516900000.00,bitcoin_cash,Dec,12,18,2017,20171218,2017-12-18,1835.5,1953.8,1732.3,1837.9
63,"Dec 19, 2017",2199.06,2918.93,2160.92,2805.89,3913340000.0,37083300000.00,bitcoin_cash,Dec,12,19,2017,20171219,2017-12-19,1960.2,2288.5,1842.5,2008.1
62,"Dec 20, 2017",2825.03,4355.62,2825.03,3923.07,11889600000.0,47644600000.00,bitcoin_cash,Dec,12,20,2017,20171220,2017-12-20,2297.8,2975.2,2015.1,2338.8
61,"Dec 21, 2017",3909.0,3909.0,3038.01,3267.17,3664330000.0,65933700000.00,bitcoin_cash,Dec,12,21,2017,20171221,2017-12-21,2977.7,3332.0,2344.9,2524.7
60,"Dec 22, 2017",3324.0,3369.55,1938.36,2696.69,3877770000.0,56071800000.00,bitcoin_cash,Dec,12,22,2017,20171222,2017-12-22,3352.7,3295.6,2537.6,2650.6
59,"Dec 23, 2017",2746.95,3479.71,2684.82,3257.08,2843310000.0,46342000000.00,bitcoin_cash,Dec,12,23,2017,20171223,2017-12-23,3326.6,3073.6,2669.4,2858.5
58,"Dec 24, 2017",3260.55,3260.55,2573.44,2903.12,1712160000.0,55013200000.00,bitcoin_cash,Dec,12,24,2017,20171224,2017-12-24,3110.5,2952.3,2876.3,3007.1
57,"Dec 25, 2017",2929.35,3099.62,2755.6,2954.69,1355440000.0,49430800000.00,bitcoin_cash,Dec,12,25,2017,20171225,2017-12-25,2979.0,3038.3,3027.7,3115.4
56,"Dec 26, 2017",2947.74,3112.64,2915.8,3108.89,1544430000.0,49745700000.00,bitcoin_cash,Dec,12,26,2017,20171226,2017-12-26,3045.9,2988.9,3134.7,3158.7
55,"Dec 27, 2017",3108.32,3108.32,2771.05,2889.52,1406450000.0,52461200000.00,bitcoin_cash,Dec,12,27,2017,20171227,2017-12-27,2995.1,2984.4,3175.1,3011.0
54,"Dec 28, 2017",2888.64,2896.78,2481.3,2566.64,3221300000.0,48758700000.00,bitcoin_cash,Dec,12,28,2017,20171228,2017-12-28,2981.6,2855.0,3029.4,2910.9
53,"Dec 29, 2017",2587.3,2922.41,2389.04,2779.95,2479420000.0,43677000000.00,bitcoin_cash,Dec,12,29,2017,20171229,2017-12-29,2861.4,2745.4,2924.1,2922.8
52,"Dec 30, 2017",2791.55,2791.55,2329.47,2392.41,1257760000.0,47129800000.00,bitcoin_cash,Dec,12,30,2017,20171230,2017-12-30,2755.8,2579.7,2930.5,2799.3
51,"Dec 31, 2017",2376.96,2627.95,2350.03,2533.01,1300820000.0,40134900000.00,bitcoin_cash,Dec,12,31,2017,20171231,2017-12-31,2585.3,2568.5,2804.3,2746.4
50,"Jan 01, 2018",2534.82,2534.86,2389.52,2432.54,922813000.0,42804800000.00,bitcoin_cash,Jan,1,1,2018,20180101,2018-01-01,2567.8,2452.7,2747.9,2671.9
49,"Jan 02, 2018",2434.5,2867.14,2434.5,2711.0,1831230000.0,41114800000.00,bitcoin_cash,Jan,1,2,2018,20180102,2018-01-02,2448.8,2558.8,2674.6,2615.0
48,"Jan 03, 2018",2700.55,2958.47,2592.56,2608.69,4688840000.0,45613300000.00,bitcoin_cash,Jan,1,3,2018,20180103,2018-01-03,2556.6,2584.1,2616.3,2574.9
47,"Jan 04, 2018",2608.87,2610.2,2359.3,2430.18,5377260000.0,44069100000.00,bitcoin_cash,Jan,1,4,2018,20180104,2018-01-04,2581.3,2583.3,2576.4,2555.4
46,"Jan 05, 2018",2400.74,2648.32,2370.59,2584.48,2115710000.0,40557600000.00,bitcoin_cash,Jan,1,5,2018,20180105,2018-01-05,2570.1,2541.1,2549.7,2527.5
45,"Jan 06, 2018",2583.71,2829.69,2481.36,2786.65,1669160000.0,43653200000.00,bitcoin_cash,Jan,1,6,2018,20180106,2018-01-06,2531.1,2600.4,2520.0,2583.8
44,"Jan 07, 2018",2784.68,3071.16,2730.31,2786.88,1444780000.0,47054000000.00,bitcoin_cash,Jan,1,7,2018,20180107,2018-01-07,2589.7,2719.3,2578.3,2620.1
43,"Jan 08, 2018",2786.6,2810.32,2275.07,2421.47,1428900000.0,47091600000.00,bitcoin_cash,Jan,1,8,2018,20180108,2018-01-08,2718.3,2665.0,2614.2,2618.5
42,"Jan 09, 2018",2412.36,2502.87,2346.68,2391.56,1084750000.0,40770900000.00,bitcoin_cash,Jan,1,9,2018,20180109,2018-01-09,2661.2,2533.3,2611.1,2572.8
41,"Jan 10, 2018",2390.02,2961.2,2332.48,2895.38,2578810000.0,40398000000.00,bitcoin_cash,Jan,1,10,2018,20180110,2018-01-10,2529.7,2569.5,2566.7,2613.8
40,"Jan 11, 2018",2891.55,2976.49,2396.84,2462.61,1947950000.0,48880800000.00,bitcoin_cash,Jan,1,11,2018,20180111,2018-01-11,2564.6,2583.2,2607.1,2618.4
39,"Jan 12, 2018",2475.9,2648.23,2413.33,2620.99,1110220000.0,41859100000.00,bitcoin_cash,Jan,1,12,2018,20180112,2018-01-12,2585.8,2659.7,2617.8,2623.6
38,"Jan 13, 2018",2617.66,2850.27,2589.03,2685.29,1218570000.0,44260300000.00,bitcoin_cash,Jan,1,13,2018,20180113,2018-01-13,2661.7,2589.6,2622.7,2609.2
37,"Jan 14, 2018",2687.1,2746.61,2490.04,2553.32,993310000.0,45439500000.00,bitcoin_cash,Jan,1,14,2018,20180114,2018-01-14,2593.6,2619.9,2608.7,2575.8
36,"Jan 15, 2018",2541.58,2576.13,2328.31,2401.54,1412360000.0,42983500000.00,bitcoin_cash,Jan,1,15,2018,20180115,2018-01-15,2615.4,2546.7,2573.7,2573.0
35,"Jan 16, 2018",2406.86,2406.86,1555.97,1772.07,1704030000.0,40708800000.00,bitcoin_cash,Jan,1,16,2018,20180116,2018-01-16,2545.2,2242.3,2573.0,2484.5
34,"Jan 17, 2018",1767.58,1875.08,1361.02,1748.05,1457730000.0,29899500000.00,bitcoin_cash,Jan,1,17,2018,20180117,2018-01-17,2238.7,1973.9,2484.0,2320.6
33,"Jan 18, 2018",1752.27,1893.47,1696.25,1756.75,1024060000.0,29643600000.00,bitcoin_cash,Jan,1,18,2018,20180118,2018-01-18,1975.6,1759.0,2321.3,2219.7
32,"Jan 19, 2018",1740.17,1870.78,1723.87,1769.62,743247000.0,29442200000.00,bitcoin_cash,Jan,1,19,2018,20180119,2018-01-19,1753.3,1758.1,2216.2,2098.1
31,"Jan 20, 2018",1784.26,2124.45,1780.45,2032.12,1116240000.0,30191500000.00,bitcoin_cash,Jan,1,20,2018,20180120,2018-01-20,1758.9,1852.8,2097.1,2004.8
30,"Jan 21, 2018",2033.7,2033.7,1733.99,1776.64,745179000.0,34415500000.00,bitcoin_cash,Jan,1,21,2018,20180121,2018-01-21,1852.7,1859.5,2003.8,1893.8
29,"Jan 22, 2018",1794.46,1815.42,1525.5,1621.92,681350000.0,30370200000.00,bitcoin_cash,Jan,1,22,2018,20180122,2018-01-22,1870.8,1810.2,1897.0,1782.5
28,"Jan 23, 2018",1623.14,1700.34,1504.72,1621.46,578984000.0,27473700000.00,bitcoin_cash,Jan,1,23,2018,20180123,2018-01-23,1817.1,1673.3,1785.1,1760.9
27,"Jan 24, 2018",1622.15,1703.34,1575.42,1639.13,488161000.0,27460200000.00,bitcoin_cash,Jan,1,24,2018,20180124,2018-01-24,1679.9,1627.5,1764.3,1745.4
26,"Jan 25, 2018",1661.04,1707.7,1611.04,1642.12,522194000.0,28121300000.00,bitcoin_cash,Jan,1,25,2018,20180125,2018-01-25,1635.4,1634.2,1751.3,1729.0
25,"Jan 26, 2018",1637.19,1678.63,1500.37,1603.9,594667000.0,27720500000.00,bitcoin_cash,Jan,1,26,2018,20180126,2018-01-26,1640.1,1628.4,1736.6,1705.3
24,"Jan 27, 2018",1602.5,1665.81,1567.78,1628.63,441742000.0,27136100000.00,bitcoin_cash,Jan,1,27,2018,20180127,2018-01-27,1633.6,1624.9,1710.6,1647.7
23,"Jan 28, 2018",1636.41,1762.34,1636.41,1746.25,580544000.0,27713300000.00,bitcoin_cash,Jan,1,28,2018,20180128,2018-01-28,1625.4,1659.6,1653.8,1643.3
22,"Jan 29, 2018",1745.36,1763.24,1638.33,1657.14,362213000.0,29561500000.00,bitcoin_cash,Jan,1,29,2018,20180129,2018-01-29,1661.4,1677.3,1646.8,1648.4
21,"Jan 30, 2018",1657.69,1662.07,1468.17,1470.55,649823000.0,28079700000.00,bitcoin_cash,Jan,1,30,2018,20180130,2018-01-30,1679.8,1624.6,1651.8,1626.8
20,"Jan 31, 2018",1470.74,1522.87,1406.25,1486.89,729209000.0,24915700000.00,bitcoin_cash,Jan,1,31,2018,20180131,2018-01-31,1624.6,1538.2,1630.1,1605.1
19,"Feb 01, 2018",1491.12,1503.3,1214.88,1274.35,678020000.0,25263200000.00,bitcoin_cash,Feb,2,1,2018,20180201,2018-02-01,1539.9,1410.6,1605.9,1552.5
18,"Feb 02, 2018",1272.5,1272.5,980.78,1191.14,896666000.0,21561700000.00,bitcoin_cash,Feb,2,2,2018,20180202,2018-02-02,1411.5,1317.5,1553.8,1493.6
17,"Feb 03, 2018",1194.23,1314.43,1072.83,1272.5,453101000.0,20237400000.00,bitcoin_cash,Feb,2,3,2018,20180203,2018-02-03,1319.3,1246.0,1495.4,1442.7
16,"Feb 04, 2018",1273.17,1286.98,1101.31,1165.38,656034000.0,21577500000.00,bitcoin_cash,Feb,2,4,2018,20180204,2018-02-04,1246.6,1209.7,1443.5,1359.7
15,"Feb 05, 2018",1159.89,1172.7,839.95,887.41,568117000.0,19659800000.00,bitcoin_cash,Feb,2,5,2018,20180205,2018-02-05,1209.1,1108.4,1359.9,1249.7
14,"Feb 06, 2018",890.97,978.91,764.02,974.52,777420000.0,15103100000.00,bitcoin_cash,Feb,2,6,2018,20180206,2018-02-06,1108.0,1009.1,1250.4,1178.9
13,"Feb 07, 2018",971.08,1040.49,902.49,957.96,866222000.0,16462900000.00,bitcoin_cash,Feb,2,7,2018,20180207,2018-02-07,1007.3,940.0,1179.0,1103.3
12,"Feb 08, 2018",951.57,1345.2,951.57,1284.56,2203710000.0,16133900000.00,bitcoin_cash,Feb,2,8,2018,20180208,2018-02-08,937.9,1072.3,1101.9,1104.8
11,"Feb 09, 2018",1273.87,1342.41,1206.39,1312.11,1133760000.0,21601200000.00,bitcoin_cash,Feb,2,9,2018,20180209,2018-02-09,1065.5,1184.9,1102.1,1122.1
10,"Feb 10, 2018",1311.99,1394.81,1215.72,1257.31,734606000.0,22249700000.00,bitcoin_cash,Feb,2,10,2018,20180210,2018-02-10,1179.1,1284.7,1118.9,1119.9
9,"Feb 11, 2018",1255.59,1306.2,1197.87,1217.64,651555000.0,21295600000.00,bitcoin_cash,Feb,2,11,2018,20180211,2018-02-11,1280.5,1262.4,1116.4,1127.4
8,"Feb 12, 2018",1222.43,1302.66,1222.43,1283.91,466213000.0,20735400000.00,bitcoin_cash,Feb,2,12,2018,20180212,2018-02-12,1263.3,1253.0,1125.4,1184.0
7,"Feb 13, 2018",1285.23,1289.42,1205.73,1231.98,442663000.0,21803000000.00,bitcoin_cash,Feb,2,13,2018,20180213,2018-02-13,1254.4,1244.5,1181.7,1220.8
6,"Feb 14, 2018",1229.18,1384.06,1229.18,1362.27,629852000.0,20854300000.00,bitcoin_cash,Feb,2,14,2018,20180214,2018-02-14,1245.6,1292.7,1218.6,1278.5
5,"Feb 15, 2018",1358.65,1400.71,1330.18,1375.81,502454000.0,23053300000.00,bitcoin_cash,Feb,2,15,2018,20180215,2018-02-15,1291.0,1323.4,1276.7,1291.6
4,"Feb 16, 2018",1373.16,1558.66,1369.68,1552.2,961010000.0,23302000000.00,bitcoin_cash,Feb,2,16,2018,20180216,2018-02-16,1320.3,1430.1,1290.9,1325.9
3,"Feb 17, 2018",1548.48,1568.64,1517.14,1551.39,641719000.0,26280100000.00,bitcoin_cash,Feb,2,17,2018,20180217,2018-02-17,1426.8,1493.1,1324.7,1367.9
2,"Feb 18, 2018",1552.1,1641.4,1428.49,1487.46,907873000.0,26344200000.00,bitcoin_cash,Feb,2,18,2018,20180218,2018-02-18,1491.2,1530.3,1367.0,1406.4
1,"Feb 19, 2018",1483.34,1553.81,1483.34,1534.77,578906000.0,25179700000.00,bitcoin_cash,Feb,2,19,2018,20180219,2018-02-19,1528.0,1524.5,1404.3,1442.3
0,"Feb 20, 2018",1543.27,1569.03,1414.35,1418.73,820947000.0,26199800000.00,bitcoin_cash,Feb,2,20,2018,20180220,2018-02-20,1526.2,1480.3,1441.2,1468.9
364,"Feb 21, 2017",1079.28,1117.25,1076.93,1115.3,186869000.00,17456900000.0,bitcoin,Feb,2,21,2017,20170221,2017-02-21,,,,
363,"Feb 22, 2017",1114.8,1125.39,1100.55,1117.44,136100000.00,18033400000.0,bitcoin,Feb,2,22,2017,20170222,2017-02-22,,,,
362,"Feb 23, 2017",1117.27,1176.62,1116.96,1166.72,189454000.00,18075200000.0,bitcoin,Feb,2,23,2017,20170223,2017-02-23,1103.8,1133.2,,
361,"Feb 24, 2017",1172.71,1200.39,1131.96,1173.68,330759000.00,18974400000.0,bitcoin,Feb,2,24,2017,20170224,2017-02-24,1134.9,1152.6,,
360,"Feb 25, 2017",1170.41,1174.85,1124.59,1143.84,139961000.00,18939500000.0,bitcoin,Feb,2,25,2017,20170225,2017-02-25,1153.5,1161.4,,
359,"Feb 26, 2017",1144.27,1167.47,1130.2,1165.2,116486000.00,18518900000.0,bitcoin,Feb,2,26,2017,20170226,2017-02-26,1162.5,1160.9,,
358,"Feb 27, 2017",1163.78,1181.98,1163.38,1179.97,131570000.00,18837300000.0,bitcoin,Feb,2,27,2017,20170227,2017-02-27,1159.5,1163.0,1137.5,1151.7
357,"Feb 28, 2017",1180.72,1193.25,1171.82,1179.97,184956000.00,19113600000.0,bitcoin,Feb,2,28,2017,20170228,2017-02-28,1162.9,1175.0,1152.0,1161.0
356,"Mar 01, 2017",1180.04,1222.5,1179.69,1222.5,229057000.00,19104800000.0,bitcoin,Mar,3,1,2017,20170301,2017-03-01,1174.8,1194.1,1161.3,1176.0
355,"Mar 02, 2017",1224.68,1262.13,1215.62,1251.01,368275000.00,19829800000.0,bitcoin,Mar,3,2,2017,20170302,2017-03-02,1195.1,1217.8,1176.7,1188.0
354,"Mar 03, 2017",1250.71,1280.31,1250.71,1274.99,315739000.00,20253700000.0,bitcoin,Mar,3,3,2017,20170303,2017-03-03,1218.5,1249.5,1187.8,1202.5
353,"Mar 04, 2017",1277.43,1279.4,1230.51,1255.15,183270000.00,20688800000.0,bitcoin,Mar,3,4,2017,20170304,2017-03-04,1250.9,1260.4,1203.1,1218.4
352,"Mar 05, 2017",1254.29,1267.29,1238.06,1267.12,134127000.00,20316000000.0,bitcoin,Mar,3,5,2017,20170305,2017-03-05,1260.8,1265.8,1218.8,1233.0
351,"Mar 06, 2017",1267.47,1276.0,1264.6,1272.83,153657000.00,20531900000.0,bitcoin,Mar,3,6,2017,20170306,2017-03-06,1266.4,1265.0,1233.6,1246.2
350,"Mar 07, 2017",1273.21,1275.55,1204.8,1223.54,291256000.00,20627100000.0,bitcoin,Mar,3,7,2017,20170307,2017-03-07,1265.0,1254.5,1246.8,1252.4
349,"Mar 08, 2017",1223.23,1232.16,1148.08,1150.0,332603000.00,19819800000.0,bitcoin,Mar,3,8,2017,20170308,2017-03-08,1254.6,1215.5,1253.0,1242.1
348,"Mar 09, 2017",1150.35,1197.46,1141.23,1188.49,212283000.00,18640900000.0,bitcoin,Mar,3,9,2017,20170309,2017-03-09,1215.6,1187.3,1242.4,1233.2
347,"Mar 10, 2017",1189.36,1270.47,1077.25,1116.72,563796000.00,19275300000.0,bitcoin,Mar,3,10,2017,20170310,2017-03-10,1187.6,1151.7,1233.6,1210.6
346,"Mar 11, 2017",1116.32,1193.83,1116.32,1175.83,283320000.00,18093700000.0,bitcoin,Mar,3,11,2017,20170311,2017-03-11,1152.0,1160.3,1210.6,1199.2
345,"Mar 12, 2017",1176.62,1226.98,1175.36,1221.38,227176000.00,19073300000.0,bitcoin,Mar,3,12,2017,20170312,2017-03-12,1160.8,1171.3,1199.5,1192.7
344,"Mar 13, 2017",1221.78,1237.37,1217.03,1231.92,380277000.00,19807700000.0,bitcoin,Mar,3,13,2017,20170313,2017-03-13,1171.6,1209.7,1193.0,1186.8
343,"Mar 14, 2017",1232.16,1244.81,1220.72,1240.0,245306000.00,19978200000.0,bitcoin,Mar,3,14,2017,20170314,2017-03-14,1210.2,1231.1,1187.1,1189.2
342,"Mar 15, 2017",1240.16,1251.61,1239.75,1249.61,297805000.00,20110400000.0,bitcoin,Mar,3,15,2017,20170315,2017-03-15,1231.4,1240.5,1189.5,1203.4
341,"Mar 16, 2017",1251.33,1257.98,1152.44,1187.81,638568000.00,20293700000.0,bitcoin,Mar,3,16,2017,20170316,2017-03-16,1241.2,1225.8,1204.0,1203.3
340,"Mar 17, 2017",1180.16,1180.16,1099.57,1100.23,706599000.00,19141800000.0,bitcoin,Mar,3,17,2017,20170317,2017-03-17,1223.9,1179.2,1202.6,1201.0
339,"Mar 18, 2017",1099.69,1114.07,957.65,973.82,621302000.00,17838700000.0,bitcoin,Mar,3,18,2017,20170318,2017-03-18,1177.1,1087.3,1200.3,1172.1
338,"Mar 19, 2017",976.73,1069.91,976.73,1036.74,406648000.00,15846000000.0,bitcoin,Mar,3,19,2017,20170319,2017-03-19,1085.5,1036.9,1171.7,1145.7
337,"Mar 20, 2017",1037.24,1063.03,1036.68,1054.23,286530000.00,16829800000.0,bitcoin,Mar,3,20,2017,20170320,2017-03-20,1037.9,1021.6,1145.4,1120.3
336,"Mar 21, 2017",1055.36,1122.43,1055.36,1120.54,337391000.00,17125600000.0,bitcoin,Mar,3,21,2017,20170321,2017-03-21,1023.1,1070.5,1120.1,1103.3
335,"Mar 22, 2017",1120.65,1120.65,1014.21,1049.14,380841000.00,18187100000.0,bitcoin,Mar,3,22,2017,20170322,2017-03-22,1071.1,1074.6,1103.0,1074.6
334,"Mar 23, 2017",1050.05,1058.01,1028.93,1038.59,248540000.00,17043400000.0,bitcoin,Mar,3,23,2017,20170323,2017-03-23,1075.4,1069.4,1074.3,1053.3
333,"Mar 24, 2017",1038.45,1040.47,934.36,937.52,491038000.00,16857000000.0,bitcoin,Mar,3,24,2017,20170324,2017-03-24,1069.7,1008.4,1054.0,1030.1
332,"Mar 25, 2017",936.54,975.76,903.71,972.78,435803000.00,15204800000.0,bitcoin,Mar,3,25,2017,20170325,2017-03-25,1008.3,983.0,1030.7,1029.9
331,"Mar 26, 2017",974.01,1007.96,954.19,966.73,303668000.00,15814800000.0,bitcoin,Mar,3,26,2017,20170326,2017-03-26,983.0,959.0,1030.3,1019.9
330,"Mar 27, 2017",972.05,1046.4,971.98,1045.77,372535000.00,15785000000.0,bitcoin,Mar,3,27,2017,20170327,2017-03-27,960.9,995.1,1021.0,1018.7
329,"Mar 28, 2017",1044.58,1064.65,1027.73,1047.15,326332000.00,16964500000.0,bitcoin,Mar,3,28,2017,20170328,2017-03-28,996.9,1019.9,1019.5,1008.2
328,"Mar 29, 2017",1046.08,1055.13,1015.88,1039.97,298458000.00,16990900000.0,bitcoin,Mar,3,29,2017,20170329,2017-03-29,1020.9,1044.3,1008.8,1006.9
327,"Mar 30, 2017",1042.21,1049.29,1020.04,1026.43,352969000.00,16929800000.0,bitcoin,Mar,3,30,2017,20170330,2017-03-30,1044.3,1037.8,1007.7,1005.2
326,"Mar 31, 2017",1026.64,1074.92,1026.64,1071.79,447287000.00,16679000000.0,bitcoin,Mar,3,31,2017,20170331,2017-03-31,1038.3,1046.1,1006.0,1024.4
325,"Apr 01, 2017",1071.71,1091.72,1061.09,1080.5,289634000.00,17413000000.0,bitcoin,Apr,4,1,2017,20170401,2017-04-01,1046.9,1059.6,1025.3,1039.8
324,"Apr 02, 2017",1080.61,1107.59,1075.45,1102.17,514187000.00,17559400000.0,bitcoin,Apr,4,2,2017,20170402,2017-04-02,1059.7,1084.8,1040.6,1059.1
323,"Apr 03, 2017",1102.95,1151.74,1102.95,1143.81,580444000.00,17924600000.0,bitcoin,Apr,4,3,2017,20170403,2017-04-03,1085.1,1108.8,1059.3,1073.1
322,"Apr 04, 2017",1145.52,1156.44,1120.52,1133.25,436310000.00,18619000000.0,bitcoin,Apr,4,4,2017,20170404,2017-04-04,1109.7,1126.4,1073.7,1085.4
321,"Apr 05, 2017",1134.14,1135.09,1113.63,1124.78,414784000.00,18435700000.0,bitcoin,Apr,4,5,2017,20170405,2017-04-05,1127.5,1133.9,1086.3,1097.5
320,"Apr 06, 2017",1125.81,1188.37,1125.81,1182.68,511222000.00,18302600000.0,bitcoin,Apr,4,6,2017,20170406,2017-04-06,1135.2,1146.9,1098.2,1119.9
319,"Apr 07, 2017",1178.94,1186.58,1163.39,1176.9,317022000.00,19168500000.0,bitcoin,Apr,4,7,2017,20170407,2017-04-07,1146.3,1161.5,1120.0,1134.9
318,"Apr 08, 2017",1172.65,1184.98,1162.58,1175.95,209312000.00,19068600000.0,bitcoin,Apr,4,8,2017,20170408,2017-04-08,1159.1,1178.5,1134.4,1148.5
317,"Apr 09, 2017",1176.57,1197.21,1171.86,1187.87,242343000.00,19134400000.0,bitcoin,Apr,4,9,2017,20170409,2017-04-09,1176.1,1180.2,1148.1,1160.7
316,"Apr 10, 2017",1187.3,1190.34,1179.04,1187.13,215883000.00,19311200000.0,bitcoin,Apr,4,10,2017,20170410,2017-04-10,1178.8,1183.6,1160.1,1166.9
315,"Apr 11, 2017",1187.46,1208.07,1187.46,1205.01,216182000.00,19316000000.0,bitcoin,Apr,4,11,2017,20170411,2017-04-11,1183.8,1193.3,1166.1,1177.2
314,"Apr 12, 2017",1204.81,1207.14,1196.76,1200.37,288702000.00,19600800000.0,bitcoin,Apr,4,12,2017,20170412,2017-04-12,1193.2,1197.5,1176.2,1188.0
313,"Apr 13, 2017",1201.02,1205.89,1156.44,1169.28,351969000.00,19541300000.0,bitcoin,Apr,4,13,2017,20170413,2017-04-13,1197.8,1191.6,1187.0,1186.1
312,"Apr 14, 2017",1170.33,1190.8,1159.79,1167.54,254827000.00,19043800000.0,bitcoin,Apr,4,14,2017,20170414,2017-04-14,1192.1,1179.1,1185.7,1184.7
311,"Apr 15, 2017",1167.3,1188.0,1164.96,1172.52,203559000.00,18996500000.0,bitcoin,Apr,4,15,2017,20170415,2017-04-15,1179.6,1169.8,1185.0,1184.2
310,"Apr 16, 2017",1172.61,1187.22,1172.61,1182.94,183231000.00,19085100000.0,bitcoin,Apr,4,16,2017,20170416,2017-04-16,1170.1,1174.3,1184.4,1183.5
309,"Apr 17, 2017",1183.25,1194.9,1172.65,1193.91,253206000.00,19260500000.0,bitcoin,Apr,4,17,2017,20170417,2017-04-17,1174.4,1183.1,1183.8,1184.5
308,"Apr 18, 2017",1193.77,1217.57,1193.77,1211.67,270524000.00,19433800000.0,bitcoin,Apr,4,18,2017,20170418,2017-04-18,1183.2,1196.2,1184.7,1185.5
307,"Apr 19, 2017",1212.13,1215.51,1205.08,1210.29,288061000.00,19734800000.0,bitcoin,Apr,4,19,2017,20170419,2017-04-19,1196.4,1205.3,1185.8,1186.9
306,"Apr 20, 2017",1211.08,1240.79,1208.41,1229.08,315108000.00,19719900000.0,bitcoin,Apr,4,20,2017,20170420,2017-04-20,1205.7,1217.0,1187.2,1195.4
305,"Apr 21, 2017",1229.42,1235.94,1215.56,1222.05,272167000.00,20020700000.0,bitcoin,Apr,4,21,2017,20170421,2017-04-21,1217.5,1220.5,1195.7,1203.2
304,"Apr 22, 2017",1222.71,1235.56,1208.47,1231.71,249320000.00,19913900000.0,bitcoin,Apr,4,22,2017,20170422,2017-04-22,1221.1,1227.6,1203.6,1211.7
303,"Apr 23, 2017",1231.92,1232.2,1203.94,1207.21,258951000.00,20066200000.0,bitcoin,Apr,4,23,2017,20170423,2017-04-23,1228.0,1220.3,1212.0,1215.1
302,"Apr 24, 2017",1209.63,1250.94,1209.63,1250.15,235806000.00,19705400000.0,bitcoin,Apr,4,24,2017,20170424,2017-04-24,1221.4,1229.7,1215.8,1223.2
301,"Apr 25, 2017",1250.45,1267.58,1249.97,1265.49,242556000.00,20372300000.0,bitcoin,Apr,4,25,2017,20170425,2017-04-25,1230.7,1240.9,1223.9,1230.9
300,"Apr 26, 2017",1265.99,1294.83,1265.93,1281.08,329631000.00,20627900000.0,bitcoin,Apr,4,26,2017,20170426,2017-04-26,1242.0,1265.6,1231.6,1241.0
299,"Apr 27, 2017",1281.88,1319.7,1281.3,1317.73,449197000.00,20889200000.0,bitcoin,Apr,4,27,2017,20170427,2017-04-27,1266.1,1288.1,1241.7,1253.6
298,"Apr 28, 2017",1317.74,1331.28,1292.37,1316.48,527489000.00,21476000000.0,bitcoin,Apr,4,28,2017,20170428,2017-04-28,1288.5,1305.1,1254.3,1267.1
297,"Apr 29, 2017",1317.84,1327.2,1315.21,1321.79,422706000.00,21479800000.0,bitcoin,Apr,4,29,2017,20170429,2017-04-29,1305.8,1318.7,1267.9,1280.0
296,"Apr 30, 2017",1321.87,1347.91,1314.92,1347.89,413115000.00,21548400000.0,bitcoin,Apr,4,30,2017,20170430,2017-04-30,1319.1,1328.7,1280.8,1300.1
295,"May 01, 2017",1348.3,1434.32,1348.3,1421.6,713624000.00,21981800000.0,bitcoin,May,5,1,2017,20170501,2017-05-01,1329.3,1363.8,1300.6,1324.6
294,"May 02, 2017",1421.03,1473.9,1415.69,1452.82,477338000.00,23170200000.0,bitcoin,May,5,2,2017,20170502,2017-05-02,1363.7,1407.4,1325.0,1351.3
293,"May 03, 2017",1453.78,1492.77,1447.49,1490.09,583796000.00,23707100000.0,bitcoin,May,5,3,2017,20170503,2017-05-03,1407.7,1454.8,1351.8,1381.2
292,"May 04, 2017",1490.72,1608.91,1490.72,1537.67,933549000.00,24311900000.0,bitcoin,May,5,4,2017,20170504,2017-05-04,1455.2,1493.5,1381.6,1412.6
291,"May 05, 2017",1540.87,1618.03,1530.31,1555.45,946036000.00,25133100000.0,bitcoin,May,5,5,2017,20170505,2017-05-05,1495.1,1527.7,1413.5,1446.8
290,"May 06, 2017",1556.81,1578.8,1542.5,1578.8,582530000.00,25395600000.0,bitcoin,May,5,6,2017,20170506,2017-05-06,1529.5,1557.3,1447.6,1483.5
289,"May 07, 2017",1579.47,1596.72,1559.76,1596.71,1080030000.00,25768500000.0,bitcoin,May,5,7,2017,20170507,2017-05-07,1559.1,1577.0,1484.4,1519.0
288,"May 08, 2017",1596.92,1723.35,1596.92,1723.35,1340320000.00,26056500000.0,bitcoin,May,5,8,2017,20170508,2017-05-08,1577.7,1633.0,1519.9,1562.1
287,"May 09, 2017",1723.89,1833.49,1716.3,1755.36,1167920000.00,28132200000.0,bitcoin,May,5,9,2017,20170509,2017-05-09,1633.4,1691.8,1563.2,1605.3
286,"May 10, 2017",1756.52,1788.44,1719.1,1787.13,915723000.00,28668100000.0,bitcoin,May,5,10,2017,20170510,2017-05-10,1692.4,1755.3,1606.5,1647.8
285,"May 11, 2017",1780.37,1873.93,1755.35,1848.57,799490000.00,29060600000.0,bitcoin,May,5,11,2017,20170511,2017-05-11,1753.6,1797.0,1647.8,1692.2
284,"May 12, 2017",1845.76,1856.15,1694.01,1724.24,740984000.00,30131100000.0,bitcoin,May,5,12,2017,20170512,2017-05-12,1794.2,1786.6,1691.4,1716.3
283,"May 13, 2017",1723.12,1812.99,1651.08,1804.91,579635000.00,28132300000.0,bitcoin,May,5,13,2017,20170513,2017-05-13,1783.1,1792.6,1715.2,1748.6
282,"May 14, 2017",1800.86,1831.42,1776.62,1808.91,437196000.00,29405100000.0,bitcoin,May,5,14,2017,20170514,2017-05-14,1789.9,1779.4,1746.8,1778.9
281,"May 15, 2017",1808.44,1812.8,1708.54,1738.43,731529000.00,29532600000.0,bitcoin,May,5,15,2017,20170515,2017-05-15,1777.5,1784.1,1777.0,1781.1
280,"May 16, 2017",1741.7,1785.94,1686.54,1734.45,959045000.00,28446300000.0,bitcoin,May,5,16,2017,20170516,2017-05-16,1783.7,1760.6,1779.5,1778.1
279,"May 17, 2017",1726.73,1864.05,1661.91,1839.09,1064730000.00,28204800000.0,bitcoin,May,5,17,2017,20170517,2017-05-17,1759.0,1770.7,1775.3,1785.5
278,"May 18, 2017",1818.7,1904.48,1807.12,1888.65,894321000.00,29710500000.0,bitcoin,May,5,18,2017,20170518,2017-05-18,1762.4,1820.7,1780.8,1791.2
277,"May 19, 2017",1897.37,2004.52,1890.25,1987.71,1157290000.00,30999000000.0,bitcoin,May,5,19,2017,20170519,2017-05-19,1814.3,1905.2,1788.1,1828.9
276,"May 20, 2017",1984.24,2084.73,1974.92,2084.73,961336000.00,32422400000.0,bitcoin,May,5,20,2017,20170520,2017-05-20,1900.1,1987.0,1825.4,1868.9
275,"May 21, 2017",2067.03,2119.08,2037.5,2041.2,1147860000.00,33779400000.0,bitcoin,May,5,21,2017,20170521,2017-05-21,1982.9,2037.9,1863.5,1902.0
274,"May 22, 2017",2043.19,2303.9,2017.87,2173.4,1942220000.00,33393600000.0,bitcoin,May,5,22,2017,20170522,2017-05-22,2031.5,2099.8,1897.0,1964.2
273,"May 23, 2017",2191.56,2320.82,2178.5,2320.42,1378750000.00,35822600000.0,bitcoin,May,5,23,2017,20170523,2017-05-23,2100.6,2178.3,1961.3,2047.9
272,"May 24, 2017",2321.37,2523.72,2321.37,2443.64,1725380000.00,37949200000.0,bitcoin,May,5,24,2017,20170524,2017-05-24,2185.4,2312.5,2046.2,2134.3
271,"May 25, 2017",2446.24,2763.71,2285.3,2304.98,2406700000.00,39995400000.0,bitcoin,May,5,25,2017,20170525,2017-05-25,2319.7,2356.3,2135.9,2193.7
270,"May 26, 2017",2320.89,2573.79,2071.99,2202.42,1763480000.00,37950600000.0,bitcoin,May,5,26,2017,20170526,2017-05-26,2362.8,2317.0,2196.4,2224.4
269,"May 27, 2017",2196.27,2260.2,1855.83,2038.87,1700480000.00,35917100000.0,bitcoin,May,5,27,2017,20170527,2017-05-27,2321.1,2182.1,2226.7,2217.8
268,"May 28, 2017",2054.08,2267.34,2054.08,2155.8,1147140000.00,33595900000.0,bitcoin,May,5,28,2017,20170528,2017-05-28,2190.4,2132.4,2224.8,2234.2
267,"May 29, 2017",2159.43,2307.05,2107.17,2255.61,994625000.00,35323500000.0,bitcoin,May,5,29,2017,20170529,2017-05-29,2136.6,2150.1,2241.4,2246.0
266,"May 30, 2017",2255.36,2301.96,2124.57,2175.47,1443970000.00,36897000000.0,bitcoin,May,5,30,2017,20170530,2017-05-30,2156.3,2195.6,2250.5,2225.3
265,"May 31, 2017",2187.19,2311.08,2145.57,2286.41,1544830000.00,35786700000.0,bitcoin,May,5,31,2017,20170531,2017-05-31,2200.7,2239.2,2231.4,2202.8
264,"Jun 01, 2017",2288.33,2448.39,2288.33,2407.88,1653180000.00,37446200000.0,bitcoin,Jun,6,1,2017,20170601,2017-06-01,2243.6,2289.9,2208.8,2217.5
263,"Jun 02, 2017",2404.03,2488.55,2373.32,2488.55,1317030000.00,39344600000.0,bitcoin,Jun,6,2,2017,20170602,2017-06-02,2293.2,2394.3,2220.7,2258.4
262,"Jun 03, 2017",2493.72,2581.91,2423.57,2515.35,1514950000.00,40817100000.0,bitcoin,Jun,6,3,2017,20170603,2017-06-03,2395.4,2470.6,2263.2,2326.4
261,"Jun 04, 2017",2547.79,2585.89,2452.54,2511.81,1355120000.00,41708200000.0,bitcoin,Jun,6,4,2017,20170604,2017-06-04,2481.8,2505.2,2333.7,2377.3
260,"Jun 05, 2017",2512.4,2686.81,2510.22,2686.81,1369310000.00,41133900000.0,bitcoin,Jun,6,5,2017,20170605,2017-06-05,2518.0,2571.3,2384.1,2438.9
259,"Jun 06, 2017",2690.84,2999.91,2690.84,2863.2,2089610000.00,44061000000.0,bitcoin,Jun,6,6,2017,20170606,2017-06-06,2583.7,2687.3,2446.3,2537.1
258,"Jun 07, 2017",2869.38,2869.38,2700.56,2732.16,1517710000.00,46989800000.0,bitcoin,Jun,6,7,2017,20170607,2017-06-07,2690.9,2760.7,2543.8,2600.8
257,"Jun 08, 2017",2720.49,2815.3,2670.95,2805.62,1281170000.00,44557100000.0,bitcoin,Jun,6,8,2017,20170608,2017-06-08,2760.2,2800.3,2605.5,2657.6
256,"Jun 09, 2017",2807.44,2901.71,2795.62,2823.81,1348950000.00,45987100000.0,bitcoin,Jun,6,9,2017,20170609,2017-06-09,2799.1,2787.2,2663.2,2705.5
255,"Jun 10, 2017",2828.14,2950.99,2746.55,2947.71,2018890000.00,46331400000.0,bitcoin,Jun,6,10,2017,20170610,2017-06-10,2785.4,2859.0,2710.9,2767.3
254,"Jun 11, 2017",2942.41,2996.6,2840.53,2958.11,1752400000.00,48208700000.0,bitcoin,Jun,6,11,2017,20170611,2017-06-11,2859.3,2909.9,2767.3,2831.1
253,"Jun 12, 2017",2953.22,2997.26,2518.56,2659.63,2569530000.00,48391200000.0,bitcoin,Jun,6,12,2017,20170612,2017-06-12,2907.9,2855.2,2830.3,2827.2
252,"Jun 13, 2017",2680.91,2789.04,2650.38,2717.02,1781200000.00,43934100000.0,bitcoin,Jun,6,13,2017,20170613,2017-06-13,2858.8,2778.3,2828.9,2806.3
251,"Jun 14, 2017",2716.88,2786.83,2412.94,2506.37,1696560000.00,44528300000.0,bitcoin,Jun,6,14,2017,20170614,2017-06-14,2783.7,2627.7,2807.1,2774.0
250,"Jun 15, 2017",2499.58,2534.71,2212.96,2464.58,2026260000.00,40971300000.0,bitcoin,Jun,6,15,2017,20170615,2017-06-15,2632.5,2562.7,2775.5,2725.3
249,"Jun 16, 2017",2469.57,2539.92,2385.15,2518.56,1195190000.00,40484100000.0,bitcoin,Jun,6,16,2017,20170616,2017-06-16,2562.0,2496.5,2727.2,2681.7
248,"Jun 17, 2017",2514.01,2685.19,2484.96,2655.88,1534510000.00,41217200000.0,bitcoin,Jun,6,17,2017,20170617,2017-06-17,2494.4,2546.3,2682.4,2640.0
247,"Jun 18, 2017",2655.35,2662.1,2516.33,2548.29,1178660000.00,43539300000.0,bitcoin,Jun,6,18,2017,20170618,2017-06-18,2546.3,2574.2,2641.4,2581.5
246,"Jun 19, 2017",2549.03,2662.85,2549.03,2589.6,1446840000.00,41800600000.0,bitcoin,Jun,6,19,2017,20170619,2017-06-19,2572.8,2597.9,2583.6,2571.5
245,"Jun 20, 2017",2591.26,2763.45,2589.82,2721.79,1854190000.00,42498000000.0,bitcoin,Jun,6,20,2017,20170620,2017-06-20,2598.5,2619.9,2570.8,2572.2
244,"Jun 21, 2017",2709.43,2772.01,2660.4,2689.1,1626580000.00,44440800000.0,bitcoin,Jun,6,21,2017,20170621,2017-06-21,2616.6,2666.8,2569.7,2598.3
243,"Jun 22, 2017",2691.03,2723.74,2642.36,2705.41,1097940000.00,44143700000.0,bitcoin,Jun,6,22,2017,20170622,2017-06-22,2663.9,2705.4,2597.1,2632.7
242,"Jun 23, 2017",2707.34,2765.17,2706.37,2744.91,961319000.00,44415900000.0,bitcoin,Jun,6,23,2017,20170623,2017-06-23,2702.6,2713.1,2631.1,2665.0
241,"Jun 24, 2017",2738.52,2757.94,2583.19,2608.72,982750000.00,44932900000.0,bitcoin,Jun,6,24,2017,20170624,2017-06-24,2712.3,2686.3,2663.1,2658.3
240,"Jun 25, 2017",2607.25,2682.26,2552.12,2589.41,1161100000.00,42783800000.0,bitcoin,Jun,6,25,2017,20170625,2017-06-25,2684.4,2647.7,2656.3,2664.1
239,"Jun 26, 2017",2590.57,2615.25,2376.29,2478.45,1663280000.00,42514000000.0,bitcoin,Jun,6,26,2017,20170626,2017-06-26,2645.4,2558.9,2662.2,2648.3
238,"Jun 27, 2017",2478.45,2552.45,2332.99,2552.45,1489790000.00,40677900000.0,bitcoin,Jun,6,27,2017,20170627,2017-06-27,2558.8,2540.1,2646.1,2624.1
237,"Jun 28, 2017",2553.03,2603.98,2484.42,2574.79,1183870000.00,41906700000.0,bitcoin,Jun,6,28,2017,20170628,2017-06-28,2540.7,2535.2,2623.7,2607.7
236,"Jun 29, 2017",2567.56,2588.83,2510.48,2539.32,949979000.00,42150300000.0,bitcoin,Jun,6,29,2017,20170629,2017-06-29,2533.0,2555.5,2606.1,2584.0
235,"Jun 30, 2017",2539.24,2559.25,2478.43,2480.84,860273000.00,41689100000.0,bitcoin,Jun,6,30,2017,20170630,2017-06-30,2553.3,2531.7,2582.1,2546.3
234,"Jul 01, 2017",2492.6,2515.27,2419.23,2434.55,779914000.00,40928200000.0,bitcoin,Jul,7,1,2017,20170701,2017-07-01,2533.1,2484.9,2547.0,2521.4
233,"Jul 02, 2017",2436.4,2514.28,2394.84,2506.47,803747000.00,40010500000.0,bitcoin,Jul,7,2,2017,20170702,2017-07-02,2489.4,2474.0,2522.5,2509.6
232,"Jul 03, 2017",2498.56,2595.0,2480.47,2564.06,964112000.00,41037200000.0,bitcoin,Jul,7,3,2017,20170703,2017-07-03,2475.9,2501.7,2509.4,2521.8
231,"Jul 04, 2017",2561.0,2631.59,2559.35,2601.64,985516000.00,42067900000.0,bitcoin,Jul,7,4,2017,20170704,2017-07-04,2498.7,2557.4,2521.2,2528.8
230,"Jul 05, 2017",2602.87,2622.65,2538.55,2601.99,941566000.00,42760800000.0,bitcoin,Jul,7,5,2017,20170705,2017-07-05,2554.1,2589.2,2528.3,2532.7
229,"Jul 06, 2017",2608.1,2616.72,2581.69,2608.56,761957000.00,42851400000.0,bitcoin,Jul,7,6,2017,20170706,2017-07-06,2590.7,2604.1,2534.1,2542.6
228,"Jul 07, 2017",2608.59,2916.14,2498.87,2518.66,917412000.00,42864200000.0,bitcoin,Jul,7,7,2017,20170707,2017-07-07,2606.5,2576.4,2544.0,2548.0
227,"Jul 08, 2017",2520.27,2571.34,2492.31,2571.34,733330000.00,41417700000.0,bitcoin,Jul,7,8,2017,20170708,2017-07-08,2579.0,2566.2,2548.0,2567.5
226,"Jul 09, 2017",2572.61,2635.49,2517.59,2518.44,527856000.00,42283200000.0,bitcoin,Jul,7,9,2017,20170709,2017-07-09,2567.2,2536.1,2567.4,2569.2
225,"Jul 10, 2017",2525.25,2537.16,2321.13,2372.56,1111200000.00,41509000000.0,bitcoin,Jul,7,10,2017,20170710,2017-07-10,2539.4,2487.4,2571.2,2541.9
224,"Jul 11, 2017",2385.89,2413.47,2296.81,2337.79,1329760000.00,39224200000.0,bitcoin,Jul,7,11,2017,20170711,2017-07-11,2494.6,2409.6,2546.2,2504.2
223,"Jul 12, 2017",2332.77,2423.71,2275.14,2398.84,1117410000.00,38355900000.0,bitcoin,Jul,7,12,2017,20170712,2017-07-12,2414.6,2369.7,2507.6,2475.2
222,"Jul 13, 2017",2402.7,2425.22,2340.83,2357.9,835770000.00,39511000000.0,bitcoin,Jul,7,13,2017,20170713,2017-07-13,2373.8,2364.8,2478.3,2439.4
221,"Jul 14, 2017",2360.59,2363.25,2183.22,2233.34,882503000.00,38823100000.0,bitcoin,Jul,7,14,2017,20170714,2017-07-14,2365.4,2330.0,2442.9,2398.6
220,"Jul 15, 2017",2230.12,2231.14,1990.41,1998.86,993608000.00,36681300000.0,bitcoin,Jul,7,15,2017,20170715,2017-07-15,2331.1,2196.7,2401.4,2316.8
219,"Jul 16, 2017",1991.98,2058.77,1843.03,1929.82,1182870000.00,32767600000.0,bitcoin,Jul,7,16,2017,20170716,2017-07-16,2194.2,2054.0,2318.5,2232.7
218,"Jul 17, 2017",1932.62,2230.49,1932.62,2228.41,1201760000.00,31795000000.0,bitcoin,Jul,7,17,2017,20170717,2017-07-17,2051.6,2052.4,2233.8,2212.1
217,"Jul 18, 2017",2233.52,2387.61,2164.77,2318.88,1512450000.00,36749400000.0,bitcoin,Jul,7,18,2017,20170718,2017-07-18,2052.7,2159.0,2212.0,2209.4
216,"Jul 19, 2017",2323.08,2397.17,2260.23,2273.43,1245100000.00,38227800000.0,bitcoin,Jul,7,19,2017,20170719,2017-07-19,2163.1,2273.6,2210.7,2191.5
215,"Jul 20, 2017",2269.89,2900.7,2269.89,2817.6,2249260000.00,37356800000.0,bitcoin,Jul,7,20,2017,20170720,2017-07-20,2275.5,2470.0,2191.7,2257.2
214,"Jul 21, 2017",2838.41,2838.41,2621.85,2667.76,1489450000.00,46719000000.0,bitcoin,Jul,7,21,2017,20170721,2017-07-21,2477.1,2586.3,2259.9,2319.3
213,"Jul 22, 2017",2668.63,2862.42,2657.71,2810.12,1177130000.00,43929600000.0,bitcoin,Jul,7,22,2017,20170722,2017-07-22,2592.3,2765.2,2322.6,2435.1
212,"Jul 23, 2017",2808.1,2832.18,2653.94,2730.4,1072840000.00,46231100000.0,bitcoin,Jul,7,23,2017,20170723,2017-07-23,2771.7,2736.1,2439.2,2549.5
211,"Jul 24, 2017",2732.7,2777.26,2699.19,2754.86,866474000.00,44995600000.0,bitcoin,Jul,7,24,2017,20170724,2017-07-24,2736.5,2765.1,2553.5,2624.7
210,"Jul 25, 2017",2757.5,2768.08,2480.96,2576.48,1460090000.00,45410100000.0,bitcoin,Jul,7,25,2017,20170725,2017-07-25,2766.1,2687.2,2628.3,2661.5
209,"Jul 26, 2017",2577.77,2610.76,2450.8,2529.45,937404000.00,42455000000.0,bitcoin,Jul,7,26,2017,20170726,2017-07-26,2689.3,2620.3,2664.7,2698.1
208,"Jul 27, 2017",2538.71,2693.32,2529.34,2671.78,789104000.00,41816500000.0,bitcoin,Jul,7,27,2017,20170727,2017-07-27,2624.7,2592.6,2703.1,2677.3
207,"Jul 28, 2017",2679.73,2897.45,2679.73,2809.01,1380100000.00,44144400000.0,bitcoin,Jul,7,28,2017,20170728,2017-07-28,2598.7,2670.1,2680.4,2697.4
206,"Jul 29, 2017",2807.02,2808.76,2692.8,2726.45,803746000.00,46246700000.0,bitcoin,Jul,7,29,2017,20170729,2017-07-29,2675.2,2735.7,2700.2,2685.5
205,"Jul 30, 2017",2724.39,2758.53,2644.85,2757.18,705943000.00,44890700000.0,bitcoin,Jul,7,30,2017,20170730,2017-07-30,2737.0,2764.2,2688.3,2689.3
204,"Jul 31, 2017",2763.24,2889.62,2720.61,2875.34,860575000.00,45535800000.0,bitcoin,Jul,7,31,2017,20170731,2017-07-31,2764.9,2786.3,2692.6,2706.5
203,"Aug 01, 2017",2871.3,2921.35,2685.61,2718.26,1324670000.00,47321800000.0,bitcoin,Aug,8,1,2017,20170801,2017-08-01,2786.3,2783.6,2708.9,2726.8
202,"Aug 02, 2017",2727.13,2762.53,2668.59,2710.67,1094950000.00,44950800000.0,bitcoin,Aug,8,2,2017,20170802,2017-08-02,2787.2,2768.1,2730.2,2752.7
201,"Aug 03, 2017",2709.56,2813.31,2685.14,2804.73,804797000.00,44666400000.0,bitcoin,Aug,8,3,2017,20170803,2017-08-03,2769.3,2744.6,2754.6,2771.7
200,"Aug 04, 2017",2806.93,2899.33,2743.72,2895.89,1002120000.00,46276200000.0,bitcoin,Aug,8,4,2017,20170804,2017-08-04,2747.9,2803.8,2772.8,2784.1
199,"Aug 05, 2017",2897.63,3290.01,2874.83,3252.91,1945700000.00,47778200000.0,bitcoin,Aug,8,5,2017,20170805,2017-08-05,2804.7,2984.5,2785.7,2859.3
198,"Aug 06, 2017",3257.61,3293.29,3155.6,3213.94,1105030000.00,53720900000.0,bitcoin,Aug,8,6,2017,20170806,2017-08-06,2987.4,3120.9,2861.9,2924.5
197,"Aug 07, 2017",3212.78,3397.68,3180.89,3378.94,1482280000.00,52987300000.0,bitcoin,Aug,8,7,2017,20170807,2017-08-07,3122.7,3281.9,2926.1,2996.5
196,"Aug 08, 2017",3370.22,3484.85,3345.83,3419.94,1752760000.00,55590300000.0,bitcoin,Aug,8,8,2017,20170808,2017-08-08,3280.2,3337.6,2997.4,3096.7
195,"Aug 09, 2017",3420.4,3422.76,3247.67,3342.47,1468960000.00,56424900000.0,bitcoin,Aug,8,9,2017,20170809,2017-08-09,3334.5,3380.5,3096.4,3187.0
194,"Aug 10, 2017",3341.84,3453.45,3319.47,3381.28,1515110000.00,55134700000.0,bitcoin,Aug,8,10,2017,20170810,2017-08-10,3377.5,3381.2,3186.8,3269.3
193,"Aug 11, 2017",3373.82,3679.72,3372.12,3650.62,2021190000.00,55668000000.0,bitcoin,Aug,8,11,2017,20170811,2017-08-11,3378.7,3458.1,3267.8,3377.2
192,"Aug 12, 2017",3650.63,3949.92,3613.7,3884.71,2219590000.00,60242100000.0,bitcoin,Aug,8,12,2017,20170812,2017-08-12,3455.4,3638.9,3375.3,3467.4
191,"Aug 13, 2017",3880.04,4208.39,3857.8,4073.26,3159090000.00,64034100000.0,bitcoin,Aug,8,13,2017,20170813,2017-08-13,3634.8,3869.5,3464.2,3590.2
190,"Aug 14, 2017",4066.1,4325.13,3989.16,4325.13,2463090000.00,67112300000.0,bitcoin,Aug,8,14,2017,20170814,2017-08-14,3865.6,4094.4,3586.2,3725.3
189,"Aug 15, 2017",4326.99,4455.97,3906.18,4181.93,3258050000.00,71425500000.0,bitcoin,Aug,8,15,2017,20170815,2017-08-15,4091.0,4193.4,3722.8,3834.2
188,"Aug 16, 2017",4200.34,4381.23,3994.42,4376.63,2272040000.00,69342700000.0,bitcoin,Aug,8,16,2017,20170816,2017-08-16,4197.8,4294.6,3834.3,3981.9
187,"Aug 17, 2017",4384.44,4484.7,4243.71,4331.69,2553360000.00,72389100000.0,bitcoin,Aug,8,17,2017,20170817,2017-08-17,4303.9,4296.8,3983.2,4117.7
186,"Aug 18, 2017",4324.34,4370.13,4015.4,4160.62,2941710000.00,71406500000.0,bitcoin,Aug,8,18,2017,20170818,2017-08-18,4303.0,4289.6,4119.0,4190.6
185,"Aug 19, 2017",4137.75,4243.26,3970.55,4193.7,2975820000.00,68333100000.0,bitcoin,Aug,8,19,2017,20170819,2017-08-19,4282.2,4228.7,4188.6,4234.7
184,"Aug 20, 2017",4189.31,4196.29,4069.88,4087.66,2109770000.00,69192700000.0,bitcoin,Aug,8,20,2017,20170820,2017-08-20,4217.1,4147.3,4232.8,4236.8
183,"Aug 21, 2017",4090.48,4109.14,3988.6,4001.74,2800890000.00,67567100000.0,bitcoin,Aug,8,21,2017,20170821,2017-08-21,4139.2,4094.4,4236.2,4190.6
182,"Aug 22, 2017",3998.35,4128.76,3674.58,4100.52,3764240000.00,66051000000.0,bitcoin,Aug,8,22,2017,20170822,2017-08-22,4092.7,4063.3,4189.3,4178.9
181,"Aug 23, 2017",4089.01,4255.78,4078.41,4151.52,2369820000.00,67553000000.0,bitcoin,Aug,8,23,2017,20170823,2017-08-23,4059.3,4084.6,4173.4,4146.8
180,"Aug 24, 2017",4137.6,4376.39,4130.26,4334.68,2037750000.00,68363900000.0,bitcoin,Aug,8,24,2017,20170824,2017-08-24,4075.0,4195.6,4138.1,4147.2
179,"Aug 25, 2017",4332.82,4455.7,4307.35,4371.6,1727970000.00,71595100000.0,bitcoin,Aug,8,25,2017,20170825,2017-08-25,4186.5,4285.9,4139.3,4177.3
178,"Aug 26, 2017",4372.06,4379.28,4269.52,4352.4,1511610000.00,72249100000.0,bitcoin,Aug,8,26,2017,20170826,2017-08-26,4280.8,4352.9,4172.8,4200.0
177,"Aug 27, 2017",4345.1,4416.59,4317.29,4382.88,1537460000.00,71809200000.0,bitcoin,Aug,8,27,2017,20170827,2017-08-27,4350.0,4369.0,4195.1,4242.2
176,"Aug 28, 2017",4384.45,4403.93,4224.64,4382.66,1959330000.00,72467900000.0,bitcoin,Aug,8,28,2017,20170828,2017-08-28,4367.2,4372.6,4237.1,4296.6
175,"Aug 29, 2017",4389.21,4625.68,4352.13,4579.02,2486080000.00,72553800000.0,bitcoin,Aug,8,29,2017,20170829,2017-08-29,4372.9,4448.2,4292.9,4365.0
174,"Aug 30, 2017",4570.36,4626.52,4471.41,4565.3,1937850000.00,75556600000.0,bitcoin,Aug,8,30,2017,20170830,2017-08-30,4448.0,4509.0,4361.7,4424.1
173,"Aug 31, 2017",4555.59,4736.05,4549.4,4703.39,1944930000.00,75322300000.0,bitcoin,Aug,8,31,2017,20170831,2017-08-31,4505.1,4615.9,4421.4,4476.8
172,"Sep 01, 2017",4701.76,4892.01,4678.53,4892.01,2599080000.00,77748400000.0,bitcoin,Sep,9,1,2017,20170901,2017-09-01,4609.2,4720.2,4474.1,4551.1
171,"Sep 02, 2017",4901.42,4975.04,4469.24,4578.77,2722140000.00,81060600000.0,bitcoin,Sep,9,2,2017,20170902,2017-09-02,4719.6,4724.7,4549.7,4583.4
170,"Sep 03, 2017",4585.27,4714.08,4417.59,4582.96,1933190000.00,75841700000.0,bitcoin,Sep,9,3,2017,20170903,2017-09-03,4729.5,4684.6,4584.0,4612.0
169,"Sep 04, 2017",4591.63,4591.63,4108.4,4236.31,2987330000.00,75955500000.0,bitcoin,Sep,9,4,2017,20170904,2017-09-04,4692.8,4466.0,4613.6,4591.1
168,"Sep 05, 2017",4228.29,4427.84,3998.11,4376.53,2697970000.00,69954400000.0,bitcoin,Sep,9,5,2017,20170905,2017-09-05,4468.4,4398.6,4590.6,4562.2
167,"Sep 06, 2017",4376.59,4617.25,4376.59,4597.12,2172100000.00,72418700000.0,bitcoin,Sep,9,6,2017,20170906,2017-09-06,4398.8,4403.3,4562.9,4566.7
166,"Sep 07, 2017",4589.14,4655.04,4491.33,4599.88,1844620000.00,75945000000.0,bitcoin,Sep,9,7,2017,20170907,2017-09-07,4398.0,4524.5,4567.7,4551.9
165,"Sep 08, 2017",4605.16,4661.0,4075.18,4228.75,2700890000.00,76220200000.0,bitcoin,Sep,9,8,2017,20170908,2017-09-08,4523.6,4475.3,4553.9,4457.2
164,"Sep 09, 2017",4229.81,4308.82,4114.11,4226.06,1386230000.00,70017200000.0,bitcoin,Sep,9,9,2017,20170909,2017-09-09,4474.7,4351.6,4458.0,4406.8
163,"Sep 10, 2017",4229.34,4245.44,3951.04,4122.94,1679090000.00,70018100000.0,bitcoin,Sep,9,10,2017,20170910,2017-09-10,4354.8,4192.6,4407.1,4341.1
162,"Sep 11, 2017",4122.47,4261.67,4099.4,4161.27,1557330000.00,68256000000.0,bitcoin,Sep,9,11,2017,20170911,2017-09-11,4193.9,4170.1,4340.1,4330.4
161,"Sep 12, 2017",4168.88,4344.65,4085.22,4130.81,1864530000.00,69033400000.0,bitcoin,Sep,9,12,2017,20170912,2017-09-12,4173.6,4138.3,4331.6,4295.3
160,"Sep 13, 2017",4131.98,4131.98,3789.92,3882.59,2219410000.00,68432200000.0,bitcoin,Sep,9,13,2017,20170913,2017-09-13,4141.1,4058.2,4296.7,4193.2
159,"Sep 14, 2017",3875.37,3920.6,3153.86,3154.95,2716310000.00,64191600000.0,bitcoin,Sep,9,14,2017,20170914,2017-09-14,4058.7,3722.8,4194.7,3986.8
158,"Sep 15, 2017",3166.3,3733.45,2946.62,3637.52,4148070000.00,52453500000.0,bitcoin,Sep,9,15,2017,20170915,2017-09-15,3724.5,3558.4,3989.2,3902.3
157,"Sep 16, 2017",3637.75,3808.84,3487.79,3625.04,1818400000.00,60271600000.0,bitcoin,Sep,9,16,2017,20170916,2017-09-16,3559.8,3472.5,3904.6,3816.4
156,"Sep 17, 2017",3606.28,3664.81,3445.64,3582.88,1239150000.00,59757800000.0,bitcoin,Sep,9,17,2017,20170917,2017-09-17,3470.1,3615.1,3815.6,3739.3
155,"Sep 18, 2017",3591.09,4079.23,3591.09,4065.2,1943210000.00,59514100000.0,bitcoin,Sep,9,18,2017,20170918,2017-09-18,3611.7,3757.7,3739.7,3725.6
154,"Sep 19, 2017",4073.79,4094.07,3868.87,3924.97,1563980000.00,67520300000.0,bitcoin,Sep,9,19,2017,20170919,2017-09-19,3757.1,3857.7,3726.1,3696.2
153,"Sep 20, 2017",3916.36,4031.39,3857.73,3905.95,1213830000.00,64918500000.0,bitcoin,Sep,9,20,2017,20170920,2017-09-20,3860.4,3965.4,3695.3,3699.5
152,"Sep 21, 2017",3901.47,3916.42,3613.63,3631.04,1411480000.00,64677600000.0,bitcoin,Sep,9,21,2017,20170921,2017-09-21,3963.9,3820.7,3699.0,3767.5
151,"Sep 22, 2017",3628.02,3758.27,3553.53,3630.7,1194830000.00,60152300000.0,bitcoin,Sep,9,22,2017,20170922,2017-09-22,3815.3,3722.6,3765.0,3766.5
150,"Sep 23, 2017",3629.92,3819.21,3594.58,3792.4,928114000.00,60190000000.0,bitcoin,Sep,9,23,2017,20170923,2017-09-23,3719.8,3684.7,3763.8,3790.4
149,"Sep 24, 2017",3796.15,3796.15,3666.9,3682.84,768015000.00,62954300000.0,bitcoin,Sep,9,24,2017,20170924,2017-09-24,3684.7,3702.0,3791.0,3804.7
148,"Sep 25, 2017",3681.58,3950.25,3681.58,3926.07,1374210000.00,61061100000.0,bitcoin,Sep,9,25,2017,20170925,2017-09-25,3702.5,3800.4,3803.9,3784.9
147,"Sep 26, 2017",3928.41,3969.89,3869.9,3892.35,1043740000.00,65161000000.0,bitcoin,Sep,9,26,2017,20170926,2017-09-26,3802.0,3833.8,3783.1,3780.2
146,"Sep 27, 2017",3892.94,4210.05,3884.82,4200.67,1686880000.00,64579200000.0,bitcoin,Sep,9,27,2017,20170927,2017-09-27,3834.3,4006.4,3779.8,3822.3
145,"Sep 28, 2017",4197.13,4279.31,4109.7,4174.73,1712320000.00,69633200000.0,bitcoin,Sep,9,28,2017,20170928,2017-09-28,4006.2,4089.3,3822.0,3900.0
144,"Sep 29, 2017",4171.62,4214.63,4039.29,4163.07,1367050000.00,69219200000.0,bitcoin,Sep,9,29,2017,20170929,2017-09-29,4087.2,4179.5,3899.7,3976.0
143,"Sep 30, 2017",4166.11,4358.43,4160.86,4338.71,1207450000.00,69136600000.0,bitcoin,Sep,9,30,2017,20170930,2017-09-30,4178.3,4225.5,3976.3,4054.1
142,"Oct 01, 2017",4341.05,4403.74,4269.81,4403.74,1208210000.00,72047300000.0,bitcoin,Oct,10,1,2017,20171001,2017-10-01,4226.3,4301.8,4054.1,4157.0
141,"Oct 02, 2017",4395.81,4470.23,4377.46,4409.32,1431730000.00,72963200000.0,bitcoin,Oct,10,2,2017,20171002,2017-10-02,4301.0,4383.9,4156.2,4226.1
140,"Oct 03, 2017",4408.46,4432.47,4258.89,4317.48,1288020000.00,73181300000.0,bitcoin,Oct,10,3,2017,20171003,2017-10-03,4381.8,4376.8,4224.7,4286.8
139,"Oct 04, 2017",4319.37,4352.31,4210.42,4229.36,1116770000.00,71712500000.0,bitcoin,Oct,10,4,2017,20171004,2017-10-04,4374.5,4318.7,4285.6,4290.9
138,"Oct 05, 2017",4229.88,4362.64,4164.05,4328.41,1161770000.00,70233700000.0,bitcoin,Oct,10,5,2017,20171005,2017-10-05,4319.2,4291.8,4290.3,4312.9
137,"Oct 06, 2017",4324.46,4413.27,4320.53,4370.81,1069940000.00,71810600000.0,bitcoin,Oct,10,6,2017,20171006,2017-10-06,4291.2,4309.5,4312.2,4342.5
136,"Oct 07, 2017",4369.35,4443.88,4321.05,4426.89,906928000.00,72565100000.0,bitcoin,Oct,10,7,2017,20171007,2017-10-07,4307.9,4375.4,4341.2,4355.1
135,"Oct 08, 2017",4429.67,4624.14,4405.64,4610.48,1313870000.00,73575400000.0,bitcoin,Oct,10,8,2017,20171008,2017-10-08,4374.5,4469.4,4353.9,4384.7
134,"Oct 09, 2017",4614.52,4878.71,4564.25,4772.02,1968740000.00,76656500000.0,bitcoin,Oct,10,9,2017,20171009,2017-10-09,4471.2,4603.1,4385.1,4436.5
133,"Oct 10, 2017",4776.21,4922.17,4765.1,4781.99,1597140000.00,79351800000.0,bitcoin,Oct,10,10,2017,20171010,2017-10-10,4606.8,4721.5,4437.6,4502.9
132,"Oct 11, 2017",4789.25,4873.73,4751.63,4826.48,1222280000.00,79578200000.0,bitcoin,Oct,10,11,2017,20171011,2017-10-11,4726.7,4793.5,4504.8,4588.2
131,"Oct 12, 2017",4829.58,5446.91,4822.0,5446.91,2791610000.00,80256700000.0,bitcoin,Oct,10,12,2017,20171012,2017-10-12,4798.3,5018.5,4590.4,4747.9
130,"Oct 13, 2017",5464.16,5840.3,5436.85,5647.21,3615480000.00,90812400000.0,bitcoin,Oct,10,13,2017,20171013,2017-10-13,5027.7,5306.9,4753.2,4930.3
129,"Oct 14, 2017",5643.53,5837.7,5591.64,5831.79,1669030000.00,93803000000.0,bitcoin,Oct,10,14,2017,20171014,2017-10-14,5312.4,5642.0,4935.3,5131.0
128,"Oct 15, 2017",5835.96,5852.48,5478.61,5678.19,1976040000.00,97011900000.0,bitcoin,Oct,10,15,2017,20171015,2017-10-15,5647.9,5719.1,5136.2,5283.5
127,"Oct 16, 2017",5687.57,5776.23,5544.21,5725.59,2008070000.00,94559000000.0,bitcoin,Oct,10,16,2017,20171016,2017-10-16,5722.4,5745.2,5289.5,5419.7
126,"Oct 17, 2017",5741.58,5800.35,5472.72,5605.51,1821570000.00,95469300000.0,bitcoin,Oct,10,17,2017,20171017,2017-10-17,5755.0,5669.8,5427.4,5537.4
125,"Oct 18, 2017",5603.82,5603.82,5151.44,5590.69,2399270000.00,93190200000.0,bitcoin,Oct,10,18,2017,20171018,2017-10-18,5677.7,5640.6,5543.7,5646.6
124,"Oct 19, 2017",5583.74,5744.35,5531.06,5708.52,1780540000.00,92867000000.0,bitcoin,Oct,10,19,2017,20171019,2017-10-19,5643.0,5634.9,5651.5,5683.9
123,"Oct 20, 2017",5708.11,6060.11,5627.23,6011.45,2354430000.00,94947900000.0,bitcoin,Oct,10,20,2017,20171020,2017-10-20,5631.9,5770.2,5686.3,5736.0
122,"Oct 21, 2017",5996.79,6194.88,5965.07,6031.6,2207100000.00,99763200000.0,bitcoin,Oct,10,21,2017,20171021,2017-10-21,5762.9,5917.2,5736.8,5764.5
121,"Oct 22, 2017",6036.66,6076.26,5792.34,6008.42,2034630000.00,100438000000.0,bitcoin,Oct,10,22,2017,20171022,2017-10-22,5913.9,6017.2,5765.5,5811.7
120,"Oct 23, 2017",6006.0,6075.59,5732.47,5930.32,2401840000.00,99941600000.0,bitcoin,Oct,10,23,2017,20171023,2017-10-23,6013.1,5990.1,5811.0,5840.9
119,"Oct 24, 2017",5935.52,5935.52,5504.18,5526.64,2735700000.00,98781600000.0,bitcoin,Oct,10,24,2017,20171024,2017-10-24,5992.7,5821.8,5838.7,5829.7
118,"Oct 25, 2017",5524.6,5754.33,5397.88,5750.8,1966990000.00,91954200000.0,bitcoin,Oct,10,25,2017,20171025,2017-10-25,5822.0,5735.9,5827.3,5852.5
117,"Oct 26, 2017",5747.95,5976.8,5721.22,5904.83,1905040000.00,95685100000.0,bitcoin,Oct,10,26,2017,20171026,2017-10-26,5736.0,5727.4,5850.8,5880.6
116,"Oct 27, 2017",5899.74,5988.39,5728.82,5780.9,1710130000.00,98225400000.0,bitcoin,Oct,10,27,2017,20171027,2017-10-27,5724.1,5812.2,5878.2,5847.6
115,"Oct 28, 2017",5787.82,5876.72,5689.19,5753.09,1403920000.00,96369600000.0,bitcoin,Oct,10,28,2017,20171028,2017-10-28,5811.8,5812.9,5848.3,5807.9
114,"Oct 29, 2017",5754.44,6255.71,5724.58,6153.85,2859040000.00,95819800000.0,bitcoin,Oct,10,29,2017,20171029,2017-10-29,5814.0,5895.9,5808.0,5828.6
113,"Oct 30, 2017",6114.85,6214.99,6040.85,6130.53,1772150000.00,101833000000.0,bitcoin,Oct,10,30,2017,20171030,2017-10-30,5885.7,6012.5,5823.6,5857.2
112,"Oct 31, 2017",6132.02,6470.43,6103.33,6468.4,2311380000.00,102130000000.0,bitcoin,Oct,10,31,2017,20171031,2017-10-31,6000.4,6250.9,5851.6,5991.8
111,"Nov 01, 2017",6440.97,6767.31,6377.88,6767.31,2870320000.00,107287000000.0,bitcoin,Nov,11,1,2017,20171101,2017-11-01,6229.3,6455.4,5982.5,6137.0
110,"Nov 02, 2017",6777.77,7367.33,6758.72,7078.5,4653770000.00,112910000000.0,bitcoin,Nov,11,2,2017,20171102,2017-11-02,6450.3,6771.4,6129.7,6304.7
109,"Nov 03, 2017",7087.53,7461.29,7002.94,7207.76,3369860000.00,118084000000.0,bitcoin,Nov,11,3,2017,20171103,2017-11-03,6768.8,7017.9,6299.3,6508.5
108,"Nov 04, 2017",7164.48,7492.86,7031.28,7379.95,2483800000.00,119376000000.0,bitcoin,Nov,11,4,2017,20171104,2017-11-04,7009.9,7222.1,6496.0,6740.9
107,"Nov 05, 2017",7404.52,7617.48,7333.19,7407.41,2380410000.00,123388000000.0,bitcoin,Nov,11,5,2017,20171105,2017-11-05,7218.8,7331.7,6731.7,6920.0
106,"Nov 06, 2017",7403.22,7445.77,7007.31,7022.76,3111900000.00,123379000000.0,bitcoin,Nov,11,6,2017,20171106,2017-11-06,7324.1,7270.0,6915.8,7047.4
105,"Nov 07, 2017",7023.1,7253.32,7023.1,7144.38,2326340000.00,117056000000.0,bitcoin,Nov,11,7,2017,20171107,2017-11-07,7276.9,7191.5,7043.1,7144.0
104,"Nov 08, 2017",7141.38,7776.42,7114.02,7459.69,4602200000.00,119041000000.0,bitcoin,Nov,11,8,2017,20171108,2017-11-08,7189.2,7208.9,7143.1,7242.9
103,"Nov 09, 2017",7446.83,7446.83,7101.52,7143.58,3226250000.00,124146000000.0,bitcoin,Nov,11,9,2017,20171109,2017-11-09,7203.8,7249.2,7238.7,7252.2
102,"Nov 10, 2017",7173.73,7312.0,6436.87,6618.14,5208250000.00,119607000000.0,bitcoin,Nov,11,10,2017,20171110,2017-11-10,7254.0,7073.8,7251.0,7168.0
101,"Nov 11, 2017",6618.61,6873.15,6204.22,6357.6,4908680000.00,110362000000.0,bitcoin,Nov,11,11,2017,20171111,2017-11-11,7079.7,6706.4,7173.1,7021.9
100,"Nov 12, 2017",6295.45,6625.05,5519.01,5950.07,8957350000.00,104980000000.0,bitcoin,Nov,11,12,2017,20171112,2017-11-12,6695.9,6308.6,7014.6,6813.7
99,"Nov 13, 2017",5938.25,6811.19,5844.29,6559.49,6263250000.00,99029000000.0,bitcoin,Nov,11,13,2017,20171113,2017-11-13,6284.1,6289.1,6805.3,6747.6
98,"Nov 14, 2017",6561.48,6764.98,6461.75,6635.75,3197110000.00,109434000000.0,bitcoin,Nov,11,14,2017,20171114,2017-11-14,6265.1,6381.8,6739.4,6674.9
97,"Nov 15, 2017",6634.76,7342.25,6634.76,7315.54,4200880000.00,110667000000.0,bitcoin,Nov,11,15,2017,20171115,2017-11-15,6378.2,6836.9,6667.0,6654.3
96,"Nov 16, 2017",7323.24,7967.38,7176.58,7871.69,5123810000.00,122164000000.0,bitcoin,Nov,11,16,2017,20171116,2017-11-16,6839.8,7274.3,6649.4,6758.3
95,"Nov 17, 2017",7853.57,8004.59,7561.09,7708.99,4651670000.00,131026000000.0,bitcoin,Nov,11,17,2017,20171117,2017-11-17,7270.5,7632.1,6746.5,6914.2
94,"Nov 18, 2017",7697.21,7884.99,7463.44,7790.15,3667190000.00,128425000000.0,bitcoin,Nov,11,18,2017,20171118,2017-11-18,7624.7,7790.3,6900.6,7118.8
93,"Nov 19, 2017",7766.03,8101.91,7694.1,8036.49,3149320000.00,129595000000.0,bitcoin,Nov,11,19,2017,20171119,2017-11-19,7772.3,7845.2,7110.6,7416.9
92,"Nov 20, 2017",8039.07,8336.86,7949.36,8200.64,3488450000.00,134167000000.0,bitcoin,Nov,11,20,2017,20171120,2017-11-20,7834.1,8009.1,7410.8,7651.3
91,"Nov 21, 2017",8205.74,8348.66,7762.71,8071.26,4277610000.00,136967000000.0,bitcoin,Nov,11,21,2017,20171121,2017-11-21,8003.6,8102.8,7645.7,7856.4
90,"Nov 22, 2017",8077.95,8302.26,8075.47,8253.55,3633530000.00,134851000000.0,bitcoin,Nov,11,22,2017,20171122,2017-11-22,8107.6,8175.2,7851.8,7990.4
89,"Nov 23, 2017",8232.38,8267.4,8038.77,8038.77,4225180000.00,137444000000.0,bitcoin,Nov,11,23,2017,20171123,2017-11-23,8172.0,8121.2,7981.7,8014.3
88,"Nov 24, 2017",8074.02,8374.16,7940.93,8253.69,5058610000.00,134816000000.0,bitcoin,Nov,11,24,2017,20171124,2017-11-24,8128.1,8182.0,8013.2,8092.1
87,"Nov 25, 2017",8241.71,8790.92,8191.15,8790.92,4342060000.00,137632000000.0,bitcoin,Nov,11,25,2017,20171125,2017-11-25,8182.7,8361.1,8091.0,8235.0
86,"Nov 26, 2017",8789.04,9522.93,8775.59,9330.55,5475580000.00,146789000000.0,bitcoin,Nov,11,26,2017,20171126,2017-11-26,8368.3,8791.7,8237.1,8419.9
85,"Nov 27, 2017",9352.72,9818.35,9352.72,9818.35,5653320000.00,156221000000.0,bitcoin,Nov,11,27,2017,20171127,2017-11-27,8794.5,9313.3,8424.8,8651.0
84,"Nov 28, 2017",9823.43,10125.7,9736.3,10058.8,6348820000.00,164104000000.0,bitcoin,Nov,11,28,2017,20171128,2017-11-28,9321.7,9735.9,8655.9,8934.9
83,"Nov 29, 2017",10077.4,11517.4,9601.03,9888.61,11568800000.00,168367000000.0,bitcoin,Nov,11,29,2017,20171129,2017-11-29,9751.2,9921.9,8941.5,9168.5
82,"Nov 30, 2017",9906.79,10801.0,9202.05,10233.6,8310690000.00,165537000000.0,bitcoin,Nov,11,30,2017,20171130,2017-11-30,9935.9,10060.3,9180.7,9482.1
81,"Dec 01, 2017",10198.6,11046.7,9694.65,10975.6,6783120000.00,170436000000.0,bitcoin,Dec,12,1,2017,20171201,2017-12-01,10060.9,10365.9,9484.2,9870.9
80,"Dec 02, 2017",10978.3,11320.2,10905.1,11074.6,5138500000.00,183490000000.0,bitcoin,Dec,12,2,2017,20171202,2017-12-02,10361.2,10761.3,9875.2,10197.2
79,"Dec 03, 2017",11082.7,11858.7,10862.0,11323.2,6608310000.00,185258000000.0,bitcoin,Dec,12,3,2017,20171203,2017-12-03,10753.2,11124.5,10202.8,10481.8
78,"Dec 04, 2017",11315.4,11657.2,11081.8,11657.2,6132410000.00,189172000000.0,bitcoin,Dec,12,4,2017,20171204,2017-12-04,11125.5,11351.7,10483.2,10744.5
77,"Dec 05, 2017",11685.7,12032.0,11604.6,11916.7,6895260000.00,195389000000.0,bitcoin,Dec,12,5,2017,20171205,2017-12-05,11361.3,11632.4,10749.3,11009.9
76,"Dec 06, 2017",11923.4,14369.1,11923.4,14291.5,12656300000.00,199390000000.0,bitcoin,Dec,12,6,2017,20171206,2017-12-06,11641.5,12621.8,11013.0,11638.9
75,"Dec 07, 2017",14266.1,17899.7,14057.3,17899.7,17950700000.00,238600000000.0,bitcoin,Dec,12,7,2017,20171207,2017-12-07,12625.1,14702.6,11635.7,12734.1
74,"Dec 08, 2017",17802.9,18353.4,14336.9,16569.4,21136000000.00,297787000000.0,bitcoin,Dec,12,8,2017,20171208,2017-12-08,14664.1,16253.5,12722.1,13533.2
73,"Dec 09, 2017",16523.3,16783.0,13674.9,15178.2,13911300000.00,276415000000.0,bitcoin,Dec,12,9,2017,20171209,2017-12-09,16197.4,16549.1,13514.2,14119.4
72,"Dec 10, 2017",15168.4,15850.6,13226.6,15455.4,13433300000.00,253782000000.0,bitcoin,Dec,12,10,2017,20171210,2017-12-10,16498.2,15734.3,14097.9,14709.7
71,"Dec 11, 2017",15427.4,17513.9,15404.8,16936.8,12153900000.00,258147000000.0,bitcoin,Dec,12,11,2017,20171211,2017-12-11,15706.4,15856.8,14685.3,15464.0
70,"Dec 12, 2017",16919.8,17781.8,16571.6,17415.4,14603800000.00,283155000000.0,bitcoin,Dec,12,12,2017,20171212,2017-12-12,15838.5,16602.5,15433.0,16249.5
69,"Dec 13, 2017",17500.0,17653.1,16039.7,16408.2,12976900000.00,292900000000.0,bitcoin,Dec,12,13,2017,20171213,2017-12-13,16615.7,16920.1,16229.7,16551.9
68,"Dec 14, 2017",16384.6,17085.8,16185.9,16564.0,13777400000.00,274269000000.0,bitcoin,Dec,12,14,2017,20171214,2017-12-14,16934.8,16795.9,16532.3,16361.1
67,"Dec 15, 2017",16601.3,18154.1,16601.3,17706.9,14310000000.00,277936000000.0,bitcoin,Dec,12,15,2017,20171215,2017-12-15,16828.6,16893.0,16360.7,16523.6
66,"Dec 16, 2017",17760.3,19716.7,17515.3,19497.4,12740600000.00,297376000000.0,bitcoin,Dec,12,16,2017,20171216,2017-12-16,16915.4,17922.8,16537.4,17140.6
65,"Dec 17, 2017",19475.8,20089.0,18974.1,19140.8,13314600000.00,326141000000.0,bitcoin,Dec,12,17,2017,20171217,2017-12-17,17945.8,18781.7,17152.7,17667.1
64,"Dec 18, 2017",19106.4,19371.0,18355.9,19114.2,14839500000.00,320000000000.0,bitcoin,Dec,12,18,2017,20171218,2017-12-18,18780.8,19250.8,17678.3,17978.1
63,"Dec 19, 2017",19118.3,19177.8,17275.4,17776.7,16894500000.00,320242000000.0,bitcoin,Dec,12,19,2017,20171219,2017-12-19,19233.5,18677.2,17992.4,18029.7
62,"Dec 20, 2017",17760.3,17934.7,16077.7,16624.6,22149700000.00,297526000000.0,bitcoin,Dec,12,20,2017,20171220,2017-12-20,18661.7,17838.5,18029.6,18060.7
61,"Dec 21, 2017",16642.4,17567.7,15342.7,15802.9,16516600000.00,278827000000.0,bitcoin,Dec,12,21,2017,20171221,2017-12-21,17840.3,16734.7,18066.4,17951.9
60,"Dec 22, 2017",15898.0,15943.4,11833.0,13831.8,22198000000.00,266381000000.0,bitcoin,Dec,12,22,2017,20171222,2017-12-22,16766.9,15419.8,17965.9,17398.3
59,"Dec 23, 2017",13948.7,15603.2,13828.8,14699.2,13086000000.00,233748000000.0,bitcoin,Dec,12,23,2017,20171223,2017-12-23,15496.4,14778.0,17421.4,16712.9
58,"Dec 24, 2017",14608.2,14626.0,12747.7,13925.8,11572300000.00,244824000000.0,bitcoin,Dec,12,24,2017,20171224,2017-12-24,14818.3,14152.3,16726.0,15967.9
57,"Dec 25, 2017",13995.9,14593.0,13448.9,14026.6,10664700000.00,234590000000.0,bitcoin,Dec,12,25,2017,20171225,2017-12-25,14184.3,14217.2,15996.0,15241.1
56,"Dec 26, 2017",14036.6,16461.2,14028.9,16099.8,13454300000.00,235294000000.0,bitcoin,Dec,12,26,2017,20171226,2017-12-26,14213.6,14684.1,15270.0,15001.5
55,"Dec 27, 2017",16163.5,16930.9,15114.3,15838.5,12487600000.00,270976000000.0,bitcoin,Dec,12,27,2017,20171227,2017-12-27,14732.0,15321.6,15041.9,14889.2
54,"Dec 28, 2017",15864.1,15888.4,13937.3,14606.5,12336500000.00,265988000000.0,bitcoin,Dec,12,28,2017,20171228,2017-12-28,15354.7,15514.9,14930.7,14718.3
53,"Dec 29, 2017",14695.8,15279.0,14307.0,14656.2,13025500000.00,246428000000.0,bitcoin,Dec,12,29,2017,20171229,2017-12-29,15574.5,15033.7,14759.0,14836.1
52,"Dec 30, 2017",14681.9,14681.9,12350.1,12952.2,14452600000.00,246224000000.0,bitcoin,Dec,12,30,2017,20171230,2017-12-30,15080.6,14071.6,14863.7,14586.5
51,"Dec 31, 2017",12897.7,14377.4,12755.6,14156.4,12136300000.00,216326000000.0,bitcoin,Dec,12,31,2017,20171231,2017-12-31,14091.8,13921.6,14619.4,14619.5
50,"Jan 01, 2018",14112.2,14112.2,13154.7,13657.2,10291200000.00,236725000000.0,bitcoin,Jan,1,1,2018,20180101,2018-01-01,13897.3,13588.6,14636.0,14566.7
49,"Jan 02, 2018",13625.0,15444.6,13163.6,14982.1,16846600000.00,228579000000.0,bitcoin,Jan,1,2,2018,20180102,2018-01-02,13545.0,14265.2,14577.2,14407.0
48,"Jan 03, 2018",14978.2,15572.8,14844.5,15201.0,16871900000.00,251312000000.0,bitcoin,Jan,1,3,2018,20180103,2018-01-03,14238.5,14613.4,14407.8,14315.9
47,"Jan 04, 2018",15270.7,15739.7,14522.2,15599.2,21783200000.00,256250000000.0,bitcoin,Jan,1,4,2018,20180104,2018-01-04,14624.6,15260.8,14323.1,14457.8
46,"Jan 05, 2018",15477.2,17705.2,15202.8,17429.5,23840900000.00,259748000000.0,bitcoin,Jan,1,5,2018,20180105,2018-01-05,15242.0,16076.6,14434.7,14853.9
45,"Jan 06, 2018",17462.1,17712.4,16764.6,17527.0,18314600000.00,293091000000.0,bitcoin,Jan,1,6,2018,20180106,2018-01-06,16070.0,16851.9,14831.9,15507.5
44,"Jan 07, 2018",17527.3,17579.6,16087.7,16477.6,15866000000.00,294222000000.0,bitcoin,Jan,1,7,2018,20180107,2018-01-07,16822.2,17144.7,15493.2,15839.1
43,"Jan 08, 2018",16476.2,16537.9,14208.2,15170.1,18413900000.00,276612000000.0,bitcoin,Jan,1,8,2018,20180108,2018-01-08,17155.2,16391.6,15831.0,16055.2
42,"Jan 09, 2018",15123.7,15497.5,14424.0,14595.4,16660000000.00,253935000000.0,bitcoin,Jan,1,9,2018,20180109,2018-01-09,16375.7,15414.4,16045.1,16000.0
41,"Jan 10, 2018",14588.5,14973.3,13691.2,14973.3,18500800000.00,244981000000.0,bitcoin,Jan,1,10,2018,20180110,2018-01-10,15396.1,14912.9,15989.4,15967.4
40,"Jan 11, 2018",14968.2,15018.8,13105.9,13405.8,16534100000.00,251387000000.0,bitcoin,Jan,1,11,2018,20180111,2018-01-11,14893.5,14324.8,15946.2,15654.1
39,"Jan 12, 2018",13453.9,14229.9,13158.1,13980.6,12065700000.00,225986000000.0,bitcoin,Jan,1,12,2018,20180112,2018-01-12,14336.9,14119.9,15657.1,15161.4
38,"Jan 13, 2018",13952.4,14659.5,13952.4,14360.2,12763600000.00,234391000000.0,bitcoin,Jan,1,13,2018,20180113,2018-01-13,14124.8,13915.5,15155.7,14709.0
37,"Jan 14, 2018",14370.8,14511.8,13268.0,13772.0,11084100000.00,241447000000.0,bitcoin,Jan,1,14,2018,20180114,2018-01-14,13925.7,14037.6,14704.8,14322.5
36,"Jan 15, 2018",13767.3,14445.5,13641.7,13819.8,12750800000.00,231334000000.0,bitcoin,Jan,1,15,2018,20180115,2018-01-15,14030.2,13984.0,14317.8,14129.6
35,"Jan 16, 2018",13836.1,13843.1,10194.9,11490.5,18853800000.00,232517000000.0,bitcoin,Jan,1,16,2018,20180116,2018-01-16,13991.4,13027.4,14133.9,13686.0
34,"Jan 17, 2018",11431.1,11678.0,9402.29,11188.6,18830600000.00,192123000000.0,bitcoin,Jan,1,17,2018,20180117,2018-01-17,13011.5,12166.3,13682.8,13145.4
33,"Jan 18, 2018",11198.8,12107.3,10942.5,11474.9,15020400000.00,188242000000.0,bitcoin,Jan,1,18,2018,20180118,2018-01-18,12155.3,11384.7,13144.3,12869.5
32,"Jan 19, 2018",11429.8,11992.8,11172.1,11607.4,10740400000.00,192150000000.0,bitcoin,Jan,1,19,2018,20180119,2018-01-19,11353.2,11423.6,12855.2,12530.5
31,"Jan 20, 2018",11656.2,13103.0,11656.2,12899.2,11801700000.00,195979000000.0,bitcoin,Jan,1,20,2018,20180120,2018-01-20,11428.3,11993.8,12527.2,12321.8
30,"Jan 21, 2018",12889.2,12895.9,11288.2,11600.1,9935180000.00,216740000000.0,bitcoin,Jan,1,21,2018,20180121,2018-01-21,11991.7,12035.6,12315.5,12011.5
29,"Jan 22, 2018",11633.1,11966.4,10240.2,10931.4,10537400000.00,195645000000.0,bitcoin,Jan,1,22,2018,20180122,2018-01-22,12059.5,11810.2,12010.6,11598.9
28,"Jan 23, 2018",10944.5,11377.6,10129.7,10868.4,9660610000.00,184087000000.0,bitcoin,Jan,1,23,2018,20180123,2018-01-23,11822.3,11133.3,11597.5,11510.0
27,"Jan 24, 2018",10903.4,11501.4,10639.8,11359.4,9940990000.00,183419000000.0,bitcoin,Jan,1,24,2018,20180124,2018-01-24,11160.3,11053.1,11522.1,11534.4
26,"Jan 25, 2018",11421.7,11785.7,11057.4,11259.4,8873170000.00,192163000000.0,bitcoin,Jan,1,25,2018,20180125,2018-01-25,11089.9,11162.4,11554.0,11503.6
25,"Jan 26, 2018",11256.0,11656.7,10470.3,11171.4,9746200000.00,189398000000.0,bitcoin,Jan,1,26,2018,20180126,2018-01-26,11193.7,11263.4,11529.2,11441.3
24,"Jan 27, 2018",11174.9,11614.9,10989.2,11440.7,7583270000.00,188054000000.0,bitcoin,Jan,1,27,2018,20180127,2018-01-27,11284.2,11290.5,11460.4,11233.0
23,"Jan 28, 2018",11475.3,12040.3,11475.3,11786.3,8350360000.00,193133000000.0,bitcoin,Jan,1,28,2018,20180128,2018-01-28,11302.1,11466.1,11258.4,11259.6
22,"Jan 29, 2018",11755.5,11875.6,11179.2,11296.4,7107360000.00,197871000000.0,bitcoin,Jan,1,29,2018,20180129,2018-01-29,11468.6,11507.8,11275.9,11311.7
21,"Jan 30, 2018",11306.8,11307.2,10036.2,10106.3,8637860000.00,190339000000.0,bitcoin,Jan,1,30,2018,20180130,2018-01-30,11512.5,11063.0,11327.7,11202.8
20,"Jan 31, 2018",10108.2,10381.6,9777.42,10221.1,8041160000.00,170183000000.0,bitcoin,Jan,1,31,2018,20180131,2018-01-31,11056.8,10541.3,11214.1,11040.2
19,"Feb 01, 2018",10237.3,10288.8,8812.28,9170.54,9959400000.00,172372000000.0,bitcoin,Feb,2,1,2018,20180201,2018-02-01,10550.8,9832.6,11044.9,10741.8
18,"Feb 02, 2018",9142.28,9142.28,7796.49,8830.75,12726900000.00,153953000000.0,bitcoin,Feb,2,2,2018,20180202,2018-02-02,9829.3,9407.5,10742.9,10407.4
17,"Feb 03, 2018",8852.12,9430.75,8251.63,9174.91,7263790000.00,149085000000.0,bitcoin,Feb,2,3,2018,20180203,2018-02-03,9410.6,9058.7,10411.1,10083.8
16,"Feb 04, 2018",9175.7,9334.87,8031.22,8277.01,7073550000.00,154553000000.0,bitcoin,Feb,2,4,2018,20180204,2018-02-04,9056.7,8760.9,10082.6,9582.4
15,"Feb 05, 2018",8270.54,8364.84,6756.68,6955.27,9285290000.00,139325000000.0,bitcoin,Feb,2,5,2018,20180205,2018-02-05,8766.1,8135.7,9584.7,8962.3
14,"Feb 06, 2018",7051.75,7850.7,6048.26,7754.0,13999800000.00,118810000000.0,bitcoin,Feb,2,6,2018,20180206,2018-02-06,8166.0,7662.1,8976.8,8626.2
13,"Feb 07, 2018",7755.49,8509.11,7236.79,7621.3,9169280000.00,130683000000.0,bitcoin,Feb,2,7,2018,20180207,2018-02-07,7692.6,7443.5,8640.7,8254.8
12,"Feb 08, 2018",7637.86,8558.77,7637.86,8265.59,9346750000.00,128714000000.0,bitcoin,Feb,2,8,2018,20180208,2018-02-08,7481.7,7880.3,8269.4,8125.5
11,"Feb 09, 2018",8271.84,8736.98,7884.71,8736.98,6784820000.00,139412000000.0,bitcoin,Feb,2,9,2018,20180209,2018-02-09,7888.4,8208.0,8145.0,8112.2
10,"Feb 10, 2018",8720.08,9122.55,8295.47,8621.9,7780960000.00,146981000000.0,bitcoin,Feb,2,10,2018,20180210,2018-02-10,8209.9,8541.5,8126.2,8033.2
9,"Feb 11, 2018",8616.13,8616.13,7931.1,8129.97,6122190000.00,145245000000.0,bitcoin,Feb,2,11,2018,20180211,2018-02-11,8536.0,8496.3,8046.2,8012.1
8,"Feb 12, 2018",8141.43,8985.92,8141.43,8926.57,6256440000.00,137258000000.0,bitcoin,Feb,2,12,2018,20180212,2018-02-12,8492.5,8559.5,8027.8,8293.8
7,"Feb 13, 2018",8926.72,8958.47,8455.41,8598.31,5696720000.00,150516000000.0,bitcoin,Feb,2,13,2018,20180213,2018-02-13,8561.4,8551.6,8295.6,8414.4
6,"Feb 14, 2018",8599.92,9518.54,8599.92,9494.63,7909820000.00,145023000000.0,bitcoin,Feb,2,14,2018,20180214,2018-02-14,8556.0,9006.5,8416.3,8682.0
5,"Feb 15, 2018",9488.32,10234.8,9395.58,10166.4,9062540000.00,160025000000.0,bitcoin,Feb,2,15,2018,20180215,2018-02-15,9005.0,9419.8,8680.6,8953.5
4,"Feb 16, 2018",10135.7,10324.1,9824.82,10233.9,7296160000.00,170960000000.0,bitcoin,Feb,2,16,2018,20180216,2018-02-16,9408.0,9965.0,8946.9,9167.4
3,"Feb 17, 2018",10207.5,11139.5,10149.4,11112.7,8660880000.00,172191000000.0,bitcoin,Feb,2,17,2018,20180217,2018-02-17,9943.8,10504.3,9159.4,9523.2
2,"Feb 18, 2018",11123.4,11349.8,10326.0,10551.8,8744010000.00,187663000000.0,bitcoin,Feb,2,18,2018,20180218,2018-02-18,10488.9,10632.8,9517.6,9869.2
1,"Feb 19, 2018",10552.6,11273.8,10513.2,11225.3,7652090000.00,178055000000.0,bitcoin,Feb,2,19,2018,20180219,2018-02-19,10627.8,10963.3,9862.0,10197.6
0,"Feb 20, 2018",11231.8,11958.5,11231.8,11403.7,9926540000.00,189536000000.0,bitcoin,Feb,2,20,2018,20180220,2018-02-20,10969.3,11060.3,10191.3,10598.3
